<?xml version="1.0" encoding="UTF-8"?>
<window>
	<defaultcontrol always="true">3</defaultcontrol>
	<!--<include>Animation_DialogPopupOpenClose</include>-->
	<depth>DepthOSD</depth>
	<controls>
		<include condition="String.IsEqual(Window(home).Property(select_type),login)" content="TopMenuLayout">
			<param name="heading" value="Select User" />
			<param name="top" value="160" />
			<param name="left" value="480" />
		</include>
		<include condition="String.IsEqual(Window(home).Property(select_type),genres)" content="ButtonSelectLayout">
		</include>
		<include condition="String.IsEqual(Window(home).Property(select_type),playlist_content)">PlaylistContentLayout</include>
		<include condition="String.IsEqual(Window(home).Property(select_type),menu)">CenterMenuLayout</include>
		<include condition="String.IsEmpty(Window(home).Property(select_type)) + ![Window.IsActive(home) | Window.IsActive(gamesaves) | Window.IsActive(gamestretchmode) | Window.IsActive(gamevideofilter) | Window.IsActive(gamevideorotation) | Window.IsActive(ingamesaves)]">DefaultDialogSelectLayout</include>
		<include condition="Window.IsActive(gamesaves)">GameDialogSelectSaveLayout</include>
		<include condition="Window.IsActive(gamevideofilter)">GameDialogSelectFilterLayout</include>
		<include condition="Window.IsActive(gamestretchmode)">GameDialogSelectViewLayout</include>
		<include condition="Window.IsActive(gamevideorotation)">GameDialogSelectViewLayout</include>
		<include condition="Window.IsActive(ingamesaves)">GameDialogSelectSaveInGameLayout</include>
	</controls>
</window>
