<?xml version="1.0" encoding="utf-8"?>
<window type="window" id="1112">
    <defaultcontrol always="true">1000</defaultcontrol>
    <controls>
        <include>DefaultBackground</include>
        <control type="button">
            <left>-2000</left>
            <top>-2000</top>
            <width>6000</width>
            <height>6000</height>
            <texturefocus/>
            <texturenofocus/>
            <onclick>Action(close)</onclick>
        </control>
        <include content="TopBar">
            <param name="breadcrumbs_label" value=""/>
        </include>
        <control type="group">
            <left>0</left>
            <top>0</top>
            <bottom>0</bottom>
            <width>700</width>
            <control type="image">
                <texture colordiffuse="55000000">colors/white.png</texture>
            </control>
            <control type="group">
                <description>header</description>
                <height>70</height>
                <control type="image">
                    <texture colordiffuse="menu_header_bg" border="2">colors/white70.png</texture>
                </control>
                <control type="label" id="1">
                    <left>30</left>
                    <right>30</right>
                    <font>font45_title</font>
                    <textcolor>lightyellow</textcolor>
                    <aligny>center</aligny>
                    <shadowcolor>black</shadowcolor>
                    <label>ArmaniFlix Admin</label>
                </control>
            </control>
            <control type="group">
                <description>Footer</description>
                <bottom>0</bottom>
                <height>200</height>
                <control type="image">
                    <texture colordiffuse="55000000">colors/white.png</texture>
                </control>
                <control type="textbox">
                    <left>30</left>
                    <right>30</right>
                    <top>10</top>
                    <bottom>10</bottom>
                    <align>left</align>
                    <aligny>center</aligny>
                    <font>font40</font>
                    <label>$VAR[Var_AdminInfo]</label>
                </control>
            </control>
            <control type="group">
                <left>20</left>
                <right>20</right>
                <top>90</top>
                <bottom>200</bottom>
                <control type="list" id="1000">
                    <width>230</width>
                    <orientation>vertical</orientation>
                    <scrolltime>200</scrolltime>
                    <onright>2000</onright>
                    <itemlayout height="70">
                        <control type="label">
                            <left>10</left>
                            <right>10</right>
                            <font>font_list</font>
                            <align>left</align>
                            <aligny>center</aligny>
                            <textcolor>lightgrey</textcolor>
                            <label>[UPPERCASE]$INFO[ListItem.Label][/UPPERCASE]</label>
                        </control>
                    </itemlayout>
                    <focusedlayout height="70">
                        <control type="image">
                            <visible>Control.HasFocus(1000)</visible>
                            <texture colordiffuse="button_focus">colors/white.png</texture>
                        </control>
                        <control type="label">
                            <left>10</left>
                            <right>10</right>
                            <font>font_list</font>
                            <align>left</align>
                            <aligny>center</aligny>
                            <textcolor>gold</textcolor>
                            <label>[UPPERCASE]$INFO[ListItem.Label][/UPPERCASE]</label>
                        </control>
                    </focusedlayout>
                    <content>
                        <item>
                            <label>Media</label>
                            <label2>Add or remove items from the media database.</label2>
                            <property name="id">media_db</property>
                        </item>
                        <item>
                            <label>Users</label>
                            <label2>Add, modify, or delete user accounts.</label2>
                            <property name="id">user_db</property>
                        </item>
                        <item>
                            <label>Settings</label>
                            <label2>Modify settings for Kodi, ArmaniFlix, and other plugins.</label2>
                            <property name="id">settings</property>
                        </item>
                    </content>
                </control>
                <control type="group" id="2000">
                    <left>240</left>
                    <control type="list" id="2001">
                        <include content="AdminListCommon">
                            <param name="list_id" value="2001" />
                            <param name="menu_id" value="media_db" />
                        </include>
                        <content>
                            <item>
                                <label>Import IMDb list</label>
                                <label2>Import an entire IMDb list into the database.</label2>
                                <onclick>RunPlugin(plugin://plugin.video.armaniflix/?mode=armani_admin&amp;action=media_import_list)</onclick>
                            </item>
                            <item>
                                <label>Add IMDb ID</label>
                                <label2>Add the movie or show with a specified IMDb ID to the database.</label2>
                                <onclick>RunPlugin(plugin://plugin.video.armaniflix/?mode=armani_admin&amp;action=media_add_id)</onclick>
                            </item>
                            <item>
                                <label>Add Movie</label>
                                <label2>Search for a movie title to add to the database.</label2>
                                <onclick>RunPlugin(plugin://plugin.video.armaniflix/?mode=armani_admin&amp;action=media_add_movie)</onclick>
                            </item>
                            <item>
                                <label>Add TV Show</label>
                                <label2>Search for a TV show title to add to the database.</label2>
                                <onclick>RunPlugin(plugin://plugin.video.armaniflix/?mode=armani_admin&amp;action=media_add_tv)</onclick>
                            </item>
                            <item>
                                <label>Update Config</label>
                                <label2>Download the current list of genres, languages, etc.</label2>
                                <onclick>RunPlugin(plugin://plugin.video.armaniflix/?mode=armani_admin&amp;action=download_config)</onclick>
                            </item>
                            <item>
                                <label>Default Database</label>
                                <label2>Replace the current media database with the one stored on GitHub.</label2>
                                <onclick>RunPlugin(plugin://plugin.video.armaniflix/?mode=armani_admin&amp;action=download_db)</onclick>
                            </item>
                            <item>
                                <label>Clear Database</label>
                                <label2>Remove all contents from the media database.</label2>
                                <onclick>RunPlugin(plugin://plugin.video.armaniflix/?mode=armani_admin&amp;action=media_clear)</onclick>
                            </item>
                        </content>
                    </control>
                    <control type="list" id="2002">
                        <include content="AdminListCommon">
                            <param name="list_id" value="2002" />
                            <param name="menu_id" value="user_db" />
                        </include>
                        <content>
                            <item>
                                <label>Add New User</label>
                                <label2>Create a new user account.</label2>
                                <onclick>RunPlugin(plugin://plugin.video.armaniflix/?mode=armani_admin&amp;action=user_create)</onclick>
                            </item>
                            <item>
                                <label>Modify User</label>
                                <label2>Modify the username and PIN of a selected user.</label2>
                                <onclick>RunPlugin(plugin://plugin.video.armaniflix/?mode=armani_admin&amp;action=user_edit)</onclick>
                            </item>
                            <item>
                                <label>Delete User</label>
                                <label2>Delete a selected user account.</label2>
                                <onclick>RunPlugin(plugin://plugin.video.armaniflix/?mode=armani_admin&amp;action=user_delete)</onclick>
                            </item>
                            <item>
                                <label>Reset</label>
                                <label2>Remove all but the default user.</label2>
                                <onclick>RunPlugin(plugin://plugin.video.armaniflix/?mode=armani_admin&amp;action=user_reset)</onclick>
                            </item>
                        </content>
                    </control>
                    <control type="list" id="2003">
                        <include content="AdminListCommon">
                            <param name="list_id" value="2003" />
                            <param name="menu_id" value="settings" />
                        </include>
                        <content>
                            <item>
                                <label>Kodi</label>
                                <label2>Kodi settings</label2>
                                <onclick>ActivateWindow(settings)</onclick>
                            </item>
                            <item>
                                <label>ArmaniFlix</label>
                                <label2>Video plugin settings</label2>
                                <onclick>Addon.OpenSettings(plugin.video.armaniflix)</onclick>
                            </item>
                            <item>
                                <label>Cocoscrapers</label>
                                <label2>Scraper settings</label2>
                                <onclick>Addon.OpenSettings(script.module.cocoscrapers)</onclick>
                            </item>
                            <item>
                                <label>A4K SubTitles</label>
                                <label2>Subtitle settings</label2>
                                <onclick>Addon.OpenSettings(service.subtitles.a4ksubtitles)</onclick>
                            </item>
                            <item>
                                <label>View Log</label>
                                <label2>View Kodi's Log file</label2>
                                <onclick>RunPlugin(plugin://plugin.video.armaniflix/?mode=armani_admin&amp;action=view_log)</onclick>
                            </item>
                            <item>
                                <label>Real-Debrid Info</label>
                                <label2>View Real-Debrid account information</label2>
                                <onclick>PlayMedia(plugin://plugin.video.armaniflix/?mode=real_debrid.rd_account_info)</onclick>
                            </item>
                            <item>
                                <label>Clear Caches</label>
                                <label2>Free up space be emptying unimportant databases</label2>
                                <onclick>PlayMedia(plugin://plugin.video.armaniflix/?mode=armani_admin&amp;action=clear_cache)</onclick>
                            </item>
                        </content>
                    </control>
                </control>
            </control>
        </control>
    </controls>


</window>