<?xml version="1.0" encoding="UTF-8"?>
<window>
	<defaultcontrol always="true">3</defaultcontrol>
	<include>Animation_DialogPopupOpenClose</include>
	<depth>DepthOSD</depth>
	<controls>
		<!-- Menu: Rating and Votes -->
		<include condition="String.IsEqual(Window(home).Property(select_type),advanced_rating)" content="DetailMenuLayout">
			<param name="width" value="630" />
			<param name="height" value="420" />
			<param name="focus_position" value="0" />
		</include>
		<!--  -->
		<include condition="String.IsEqual(Window(home).Property(select_type),advanced_type)" content="DetailMenuLayout">
			<param name="width" value="630" />
			<param name="height" value="420" />
			<param name="focus_position" value="0" />
		</include>
		<!-- Advanced Search -->
		<include condition="String.IsEqual(Window(home).Property(select_type),advanced)" content="DetailMenuLayout">
			<param name="width" value="1000" />
			<param name="height" value="840" />
			<param name="label1_width">35%</param>
			<param name="label2_width">60%</param>
			<param name="focus_position" value="2" />
		</include>

		<!-- Simple Multi Menu -->
		<include condition="String.IsEqual(Window(home).Property(select_type),multi_simple)" content="DefaultDialogSelectLayout">
			<param name="height" value="700" />
		</include>
		<include condition="String.IsEqual(Window(home).Property(select_type),multi_simple2)" content="DefaultDialogSelectLayout">
			<param name="width" value="587" />
			<param name="height" value="330" />
			<param name="footer_visible" value="false" />
		</include>
		<include condition="String.IsEqual(Window(home).Property(select_type),multi_simple3)" content="DefaultDialogSelectLayout">
			<param name="width" value="587" />
			<param name="height" value="400" />
			<param name="footer_visible" value="false" />
		</include>
		<include condition="String.IsEqual(Window(home).Property(select_type),multi_simple4)" content="DefaultDialogSelectLayout">
			<param name="width" value="587" />
			<param name="height" value="470" />
			<param name="footer_visible" value="false" />
		</include>
		<include condition="String.IsEqual(Window(home).Property(select_type),multi_simple5)" content="DefaultDialogSelectLayout">
			<param name="width" value="587" />
			<param name="height" value="540" />
			<param name="footer_visible" value="false" />
		</include>
		<include condition="String.IsEqual(Window(home).Property(select_type),multi_simple6)" content="DefaultDialogSelectLayout">
			<param name="width" value="587" />
			<param name="height" value="610" />
			<param name="footer_visible" value="false" />
		</include>


		<!-- People -->
		<include condition="String.IsEqual(Window(home).Property(select_type),people_names)" content="DetailMenuLayout">
			<param name="width" value="600" />
			<param name="height" value="910" />
			<param name="menu_align" value="center" />
			<param name="focus_position" value="5" />
		</include>
		<include condition="String.IsEqual(Window(home).Property(select_type),people_jobs)" content="ColumnSimpleSelectLayout">
			<param name="col_width" value="200" />
			<param name="width" value="400" />
			<param name="height" value="210" />
		</include>
		<include condition="String.IsEqual(Window(home).Property(select_type),person_edit)" content="DetailMenuLayout">
			<param name="width" value="800" />
			<param name="height" value="350" />
			<param name="label1_width">35%</param>
			<param name="label2_width">60%</param>
			<param name="menu_align" value="center" />
			<param name="focus_position" value="2" />
		</include>

		<!-- IMDb -->
		<include condition="String.IsEqual(Window(home).Property(select_type),imdb_credits_search)" content="DetailMenuLayout">
			<param name="width" value="800" />
			<param name="height" value="490" />
			<param name="label1_width">35%</param>
			<param name="label2_width">60%</param>
			<param name="menu_align" value="center" />
			<param name="focus_position" value="2" />
		</include>


		<include condition="String.IsEqual(Window(home).Property(select_type),multi1)" content="DoubleLineSelectLayout">
			<param name="width" value="1000" />
			<param name="height" value="210" />
		</include>
		<include condition="String.IsEqual(Window(home).Property(select_type),multi2)" content="DoubleLineSelectLayout">
			<param name="width" value="1000" />
			<param name="height" value="310" />
		</include>
		<include condition="String.IsEqual(Window(home).Property(select_type),multi3)" content="DoubleLineSelectLayout">
			<param name="width" value="1000" />
			<param name="height" value="410" />
		</include>
		<include condition="String.IsEqual(Window(home).Property(select_type),multi4)" content="DoubleLineSelectLayout">
			<param name="width" value="1000" />
			<param name="height" value="510" />
		</include>
		<include condition="String.IsEqual(Window(home).Property(select_type),multi5)" content="DoubleLineSelectLayout">
			<param name="width" value="1000" />
			<param name="height" value="610" />
		</include>
		<include condition="String.IsEqual(Window(home).Property(select_type),single3)" content="DoubleLineSelectLayout">
			<param name="width" value="600" />
			<param name="height" value="410" />
		</include>

		<!-- Small Number: 5x1 -->
		<include condition="String.IsEqual(Window(home).Property(select_type),small_num1)" content="ColumnSimpleSelectLayout">
			<param name="col_width" value="100" />
			<param name="width" value="500" />
			<param name="height" value="150" />
		</include>
		<!-- Small Number: 5x2 -->
		<include condition="String.IsEqual(Window(home).Property(select_type),small_num2)" content="ColumnSimpleSelectLayout">
			<param name="col_width" value="100" />
			<param name="width" value="500" />
			<param name="height" value="210" />
		</include>
		<!-- Small Number: 5x3 -->
		<include condition="String.IsEqual(Window(home).Property(select_type),small_num3)" content="ColumnSimpleSelectLayout">
			<param name="col_width" value="100" />
			<param name="width" value="500" />
			<param name="height" value="270" />
		</include>

		<!-- Alpha: 1 row -->
		<include condition="String.IsEqual(Window(home).Property(select_type),alpha1)" content="ColumnSimpleSelectLayout">
			<param name="col_width" value="90" />
			<param name="width" value="540" />
			<param name="height" value="150" />
		</include>
		<!-- Alpha: 2 rows -->
		<include condition="String.IsEqual(Window(home).Property(select_type),alpha2)" content="ColumnSimpleSelectLayout">
			<param name="col_width" value="90" />
			<param name="width" value="540" />
			<param name="height" value="210" />
		</include>
		<!-- Alpha: 3 rows -->
		<include condition="String.IsEqual(Window(home).Property(select_type),alpha3)" content="ColumnSimpleSelectLayout">
			<param name="col_width" value="90" />
			<param name="width" value="540" />
			<param name="height" value="270" />
		</include>
		<!-- Alpha: 4 rows -->
		<include condition="String.IsEqual(Window(home).Property(select_type),alpha4)" content="ColumnSimpleSelectLayout">
			<param name="col_width" value="90" />
			<param name="width" value="540" />
			<param name="height" value="330" />
		</include>
		<!-- Alpha: 5 rows -->
		<include condition="String.IsEqual(Window(home).Property(select_type),alpha5)" content="ColumnSimpleSelectLayout">
			<param name="col_width" value="90" />
			<param name="width" value="540" />
			<param name="height" value="390" />
		</include>

		<!-- Decades: 1 row -->
		<include condition="String.IsEqual(Window(home).Property(select_type),decades1)" content="ColumnSimpleSelectLayout">
			<param name="col_width" value="150" />
			<param name="width" value="600" />
			<param name="height" value="150" />
		</include>
		<!-- Decades: 2 rows -->
		<include condition="String.IsEqual(Window(home).Property(select_type),decades2)" content="ColumnSimpleSelectLayout">
			<param name="col_width" value="150" />
			<param name="width" value="600" />
			<param name="height" value="210" />
		</include>
		<!-- Decades: 3 rows -->
		<include condition="String.IsEqual(Window(home).Property(select_type),decades3)" content="ColumnSimpleSelectLayout">
			<param name="col_width" value="150" />
			<param name="width" value="600" />
			<param name="height" value="270" />
		</include>
		<!-- Decades: 4 rows -->
		<include condition="String.IsEqual(Window(home).Property(select_type),decades4)" content="ColumnSimpleSelectLayout">
			<param name="col_width" value="150" />
			<param name="width" value="600" />
			<param name="height" value="330" />
		</include>

		<!-- Genres: 4x1 -->
		<include condition="String.IsEqual(Window(home).Property(select_type),genres1)" content="ColumnSimpleSelectLayout">
			<param name="col_width" value="300" />
			<param name="width" value="1200" />
			<param name="height" value="150" />
		</include>
		<!-- Genres: 4x2 -->
		<include condition="String.IsEqual(Window(home).Property(select_type),genres2)" content="ColumnSimpleSelectLayout">
			<param name="col_width" value="300" />
			<param name="width" value="1200" />
			<param name="height" value="210" />
		</include>
		<!-- Genres: 4x3 -->
		<include condition="String.IsEqual(Window(home).Property(select_type),genres3)" content="ColumnSimpleSelectLayout">
			<param name="col_width" value="300" />
			<param name="width" value="1200" />
			<param name="height" value="270" />
		</include>
		<!-- Genres: 4x4 -->
		<include condition="String.IsEqual(Window(home).Property(select_type),genres4)" content="ColumnSimpleSelectLayout">
			<param name="col_width" value="300" />
			<param name="width" value="1200" />
			<param name="height" value="330" />
		</include>
		<!-- Genres: 4x5 -->
		<include condition="String.IsEqual(Window(home).Property(select_type),genres5)" content="ColumnSimpleSelectLayout">
			<param name="col_width" value="300" />
			<param name="width" value="1200" />
			<param name="height" value="390" />
		</include>
		<!-- Genres: 4x6 -->
		<include condition="String.IsEqual(Window(home).Property(select_type),genres6)" content="ColumnSimpleSelectLayout">
			<param name="col_width" value="300" />
			<param name="width" value="1200" />
			<param name="height" value="450" />
		</include>
		<!-- Genres: 4x7 -->
		<include condition="String.IsEqual(Window(home).Property(select_type),genres7)" content="ColumnSimpleSelectLayout">
			<param name="col_width" value="300" />
			<param name="width" value="1200" />
			<param name="height" value="510" />
		</include>
		<!-- Genres: 4x8 -->
		<include condition="String.IsEqual(Window(home).Property(select_type),genres8)" content="ColumnSimpleSelectLayout">
			<param name="col_width" value="300" />
			<param name="width" value="1200" />
			<param name="height" value="570" />
		</include>


		<!-- Menu: 1 row -->
		<include condition="String.IsEqual(Window(home).Property(select_type),menu1)" content="DetailMenuLayout">
			<param name="width" value="630" />
			<param name="height" value="210" />
			<param name="menu_align" value="center" />
			<param name="focus_position" value="0" />
			<param name="movement" value="0" />
		</include>
		<!-- Menu: 2 rows -->
		<include condition="String.IsEqual(Window(home).Property(select_type),menu2)" content="DetailMenuLayout">
			<param name="width" value="630" />
			<param name="height" value="280" />
			<param name="menu_align" value="center" />
			<param name="focus_position" value="0" />
			<param name="movement" value="1" />
		</include>
		<!-- Menu: 3 rows -->
		<include condition="String.IsEqual(Window(home).Property(select_type),menu3)" content="DetailMenuLayout">
			<param name="width" value="630" />
			<param name="height" value="350" />
			<param name="menu_align" value="center" />
			<param name="focus_position" value="1" />
			<param name="movement" value="1" />
		</include>
		<!-- Menu: 4 rows -->
		<include condition="String.IsEqual(Window(home).Property(select_type),menu4)" content="DetailMenuLayout">
			<param name="width" value="630" />
			<param name="height" value="420" />
			<param name="menu_align" value="center" />
			<param name="focus_position" value="1" />
			<param name="movement" value="2" />
		</include>
		<!-- Menu: 5 rows -->
		<include condition="String.IsEqual(Window(home).Property(select_type),menu5)" content="DetailMenuLayout">
			<param name="width" value="630" />
			<param name="height" value="490" />
			<param name="menu_align" value="center" />
			<param name="focus_position" value="2" />
			<param name="movement" value="2" />
		</include>
		<!-- Menu: 6 rows -->
		<include condition="String.IsEqual(Window(home).Property(select_type),menu6)" content="DetailMenuLayout">
			<param name="width" value="630" />
			<param name="height" value="560" />
			<param name="menu_align" value="center" />
			<param name="focus_position" value="2" />
			<param name="movement" value="3" />
		</include>
		<!-- Menu: 7 rows -->
		<include condition="String.IsEqual(Window(home).Property(select_type),menu7)" content="DetailMenuLayout">
			<param name="width" value="630" />
			<param name="height" value="630" />
			<param name="menu_align" value="center" />
			<param name="focus_position" value="3" />
			<param name="movement" value="3" />
		</include>
		<!-- Menu: 8 rows -->
		<include condition="String.IsEqual(Window(home).Property(select_type),menu8)" content="DetailMenuLayout">
			<param name="width" value="630" />
			<param name="height" value="700" />
			<param name="menu_align" value="center" />
			<param name="focus_position" value="3" />
			<param name="movement" value="4" />
		</include>
		<!-- Menu: 9 rows -->
		<include condition="String.IsEqual(Window(home).Property(select_type),menu9)" content="DetailMenuLayout">
			<param name="width" value="630" />
			<param name="height" value="770" />
			<param name="menu_align" value="center" />
			<param name="focus_position" value="4" />
			<param name="movement" value="4" />
		</include>
		<!-- Menu: 10 rows -->
		<include condition="String.IsEqual(Window(home).Property(select_type),menu10)" content="DetailMenuLayout">
			<param name="width" value="630" />
			<param name="height" value="840" />
			<param name="menu_align" value="center" />
			<param name="focus_position" value="4" />
			<param name="movement" value="5" />
		</include>
		<!-- Menu: 11 rows -->
		<include condition="String.IsEqual(Window(home).Property(select_type),menu11)" content="DetailMenuLayout">
			<param name="width" value="630" />
			<param name="height" value="910" />
			<param name="menu_align" value="center" />
			<param name="focus_position" value="5" />
			<param name="movement" value="5" />
		</include>


		<include condition="String.IsEqual(Window(home).Property(select_type),years)" content="ColumnSimpleSelectLayout">
			<param name="col_width" value="120" />
			<param name="width" value="1200" />
			<param name="height" value="870" />
			<param name="orientation" value="vertical" />
		</include>
		<include condition="String.IsEqual(Window(home).Property(select_type),ratings)" content="ColumnSimpleSelectLayout">
			<param name="col_width" value="100" />
			<param name="width" value="1000" />
			<param name="height" value="270" />
		</include>

		<include condition="String.IsEqual(Window(home).Property(select_type),playlist_content)">PlaylistContentLayout</include>
		<include condition="String.IsEqual(Window(home).Property(select_type),detail_menu)">DetailMenuLayout</include>

		<include condition="String.IsEqual(Window(home).Property(select_type),info_select)">InfoSelectLayout</include>


		<include condition="String.IsEqual(Window(home).Property(select_type),meta_edit)" content="DetailMenuLayout">
			<param name="height" value="560" />
			<param name="label1_width" value="20%" />
			<param name="label2_width" value="75%" />
		</include>
		<!--<include condition="String.IsEqual(Window(home).Property(select_type),person_edit)" content="DetailMenuLayout">
			<param name="width" value="800" />
			<param name="height" value="490" />
			<param name="label1_width" value="30%" />
			<param name="label2_width" value="65%" />
		</include>-->
		<include condition="String.IsEqual(Window(home).Property(select_type),media_titles)" content="DetailMenuLayout">
			<param name="width" value="1600" />
			<param name="height" value="1050" />
			<param name="label1_width" value="80%" />
			<param name="label2_width" value="15%" />
			<param name="label2_align" value="left" />
		</include>
		<include condition="String.IsEmpty(Window(home).Property(select_type)) + ![Window.IsActive(gamesaves) | Window.IsActive(gamestretchmode) | Window.IsActive(gamevideofilter) | Window.IsActive(gamevideorotation) | Window.IsActive(ingamesaves)]">DefaultDialogSelectLayout</include>
		<include condition="Window.IsActive(gamesaves)">GameDialogSelectSaveLayout</include>
		<include condition="Window.IsActive(gamevideofilter)">GameDialogSelectFilterLayout</include>
		<include condition="Window.IsActive(gamestretchmode)">GameDialogSelectViewLayout</include>
		<include condition="Window.IsActive(gamevideorotation)">GameDialogSelectViewLayout</include>
		<include condition="Window.IsActive(ingamesaves)">GameDialogSelectSaveInGameLayout</include>
	</controls>
</window>
