<?xml version="1.0" encoding="UTF-8"?>
<window>
    <controls>
        <control type="group">
            <visible>String.IsEqual(Window.Property(enable_fullscreen),False)</visible>
            <control type="image">
                <left>0</left>
                <top>0</top>
                <width>1920</width>
                <height>1080</height>
                <texture>common/black.png</texture>
                <animation type="WindowOpen" reversible="false">
                    <effect type="fade" start="0" end="80" time="200" tween="sine" easing="in" />
                </animation>
            </control>
            <control type="group">
                <animation type="WindowOpen" reversible="false">
                    <effect type="fade" start="0" end="100" time="150" tween="sine" easing="in" />
                    <effect type="zoom" start="0" end="100" time="150" center="auto" tween="quadratic" easing="out" />
                </animation>
                <left>435</left>
                <top>325</top>
                <control type="image">
                    <height>400</height>
                    <width>1050</width>
                    <texture colordiffuse="FF000000">common/white.png</texture>
                    <visible>String.IsEqual(Window.Property(buttons),true)</visible>
                </control>
                <control type="image">
                    <height>430</height>
                    <width>1050</width>
                    <texture colordiffuse="FF000000">common/white.png</texture>
                    <visible>!String.IsEqual(Window.Property(buttons),true)</visible>
                </control>
                <control type="group">
                    <left>5</left>
                    <top>5</top>
                    <control type="label">
                        <top>-40</top>
                        <left>0</left>
                        <width>1035</width>
                        <height>5</height>
                        <font>font10</font> <!-- FEN_21 -->
                        <align>left</align>
                        <aligny>bottom</aligny>
                        <label>[COLOR B3CCCCCC][B]$ADDON[plugin.video.armaniflix 33138][/B][/COLOR]</label>
                    </control>
                    <control type="image">
                        <left>5</left>
                        <top>5</top>
                        <width>45</width>
                        <height>45</height>
                        <align>right</align>
                        <aligny>top</aligny>
                        <aspectratio aligny="top">keep</aspectratio>
                        <texture colordiffuse="B3CCCCCC">common/fen.png</texture>
                    </control>
                    <control type="label">
                        <top>70</top>
                        <left>20</left>
                        <width>1030</width>
                        <height>20</height>
                        <aligny>bottom</aligny>
                        <align>center</align>
                        <font>font60</font> <!-- FEN_60_BOLD -->
                        <label>[B]$INFO[Window.Property(title)][/B]</label>
                    </control>
                    <control type="textbox" id="2000">
                        <top>190</top>
                        <left>20</left>
                        <width>1025</width>
                        <height>180</height>
                        <font>font12</font> <!-- FEN_26 -->
                        <align>center</align>
                        <textcolor>FFB7B4BB</textcolor>
                    </control>
                    <control type="group">
                        <visible>String.IsEqual(Window.Property(buttons),true)</visible>
                        <top>290</top>
                        <control type="button" id="10">
                            <description>True Button</description>
                            <left>185</left>
                            <width>340</width>
                            <height>70</height>
                            <onleft>11</onleft>
                            <onright>11</onright>
                            <label>[B]$INFO[Window.Property(true_button)][/B]</label>
                            <font>font12</font> <!-- FEN_26 -->
                            <textcolor>FFB7B4BB</textcolor>
                            <focusedcolor>FF302F2F</focusedcolor>
                            <texturefocus colordiffuse="FFCCCCCC">common/white.png</texturefocus>
                            <texturenofocus colordiffuse="FF302F2F">common/white.png</texturenofocus>
                            <align>center</align>
                        </control>
                        <control type="button" id="11">
                            <description>False Button</description>
                            <left>545</left>
                            <width>340</width>
                            <height>70</height>
                            <onleft>10</onleft>
                            <onright>10</onright>
                            <label>[B]$INFO[Window.Property(false_button)][/B]</label>
                            <font>font12</font> <!-- FEN_26 -->
                            <textcolor>FFB7B4BB</textcolor>
                            <focusedcolor>FF302F2F</focusedcolor>
                            <texturefocus colordiffuse="FFCCCCCC">common/white.png</texturefocus>
                            <texturenofocus colordiffuse="FF302F2F">common/white.png</texturenofocus>
                            <align>center</align>
                        </control>
                    </control>
                    <control type="progress" id="5000">
                        <description>Progressbar</description>
                        <top>395</top>
                        <left>0</left>
                        <width>1040</width>
                        <height>25</height>
                        <reveal>true</reveal>
                        <visible>!String.IsEqual(Window.Property(buttons),true)</visible>
                    </control>
                </control>
            </control>
        </control>
        <control type="group">
            <visible>String.IsEqual(Window.Property(enable_fullscreen),True)</visible>
            <control type="group">
                <control type="image">
                    <left>0</left>
                    <top>0</top>
                    <width>1920</width>
                    <height>1080</height>
                    <texture>common/black.png</texture>
                </control>
                <control type="image">
                    <left>0</left>
                    <top>0</top>
                    <width>1920</width>
                    <height>1080</height>
                    <aspectratio>scale</aspectratio>
                    <texture colordiffuse="primary_background">special://skin/extras/backgrounds/primary.jpg</texture>
                </control>
                <control type="image">
                    <left>0</left>
                    <top>0</top>
                    <width>1920</width>
                    <height>1080</height>
                    <aspectratio>scale</aspectratio>
                    <texture colordiffuse="secondary_background">special://skin/extras/backgrounds/pattern.jpg</texture>
                </control>
                <control type="image">
                    <animation effect="fade" start="0" end="100" time="200">WindowOpen</animation>
                    <left>5</left>
                    <top>5</top>
                    <width>60</width>
                    <height>60</height>
                    <aspectratio aligny="top">keep</aspectratio>
                    <texture>common/fen.png</texture>
                </control>
                <control type="label">
                    <left>70</left>
                    <top>18</top>
                    <width max="1160">auto</width>
                    <height>20</height>
                    <font>font10</font> <!-- FEN_21 -->
                    <label>[COLOR B3CCCCCC][B]$ADDON[plugin.video.armaniflix 33138][/B][/COLOR]</label>
                    <visible>!String.IsEqual(Window.Property(enable_resolver),true)</visible>
                </control>
                <control type="label">
                    <left>70</left>
                    <top>18</top>
                    <width max="1160">auto</width>
                    <height>20</height>
                    <font>font10</font> <!-- FEN_21 -->
                    <label>[COLOR B3CCCCCC][B]$ADDON[plugin.video.armaniflix 33138] | $ADDON[plugin.video.armaniflix 33139][/B][/COLOR]</label>
                    <visible>String.IsEqual(Window.Property(enable_resolver),true)</visible>
                </control>
            </control>
            <control type="group">
                <control type="group">
                    <animation type="WindowOpen" reversible="false">
                        <effect type="fade" start="0" end="100" time="200" tween="sine" easing="in" />
                        <effect type="slide" start="0,-360" end="0" time="200" center="auto" tween="quadratic" easing="out" />
                    </animation>
                    <control type="label">
                        <top>200</top>
                        <width max="1920">auto</width>
                        <height>30</height>
                        <font>font60</font> <!-- FEN_60_BOLD -->
                        <textcolor>FFCCCCCC</textcolor>
                        <align>center</align>
                        <aligny>bottom</aligny>
                        <label>[B]$INFO[Window.Property(title)][/B]</label>
                    </control>
                    <control type="label">
                        <top>330</top>
                        <width max="1920">auto</width>
                        <height>25</height>
                        <font>font14</font> <!-- FEN_33 -->
                        <textcolor>FFCCCCCC</textcolor>
                        <align>center</align>
                        <label>[I]$INFO[Window.Property(genre)][/I]</label>
                    </control>
                </control>
            </control>
            <control type="group">
                <visible>!String.IsEqual(Window.Property(enable_resolver),true)</visible>
                <animation type="WindowOpen" reversible="false">
                    <effect type="fade" start="0" end="100" time="200" tween="sine" easing="in" />
                    <effect type="slide" start="0,550" end="0" time="200" center="auto" tween="quadratic" easing="out" />
                </animation>
                <top>470</top>
                <left>390</left>
                <control type="group">
                    <top>45</top>
                    <left>170</left>
                    <control type="group">
                        <control type="label">
                            <top>50</top>
                            <left>10</left>
                            <width>130</width>
                            <height>0</height>
                            <align>center</align>
                            <aligny>center</aligny>
                            <font>font12</font> <!-- FEN_38 -->
                            <label>[COLOR $INFO[Window.Property(flag_highlight)]][B]$INFO[Window.Property(flag_0)][/B][/COLOR]</label>
                        </control>
                        <control type="label">
                            <top>100</top>
                            <left>10</left>
                            <width>130</width>
                            <height>0</height>
                            <align>center</align>
                            <aligny>center</aligny>
                            <font>font12</font> <!-- FEN_38 -->
                            <label>[COLOR $INFO[Window.Property(result_highlight)]][B]$INFO[Window.Property(results_0)][/B][/COLOR]</label>
                        </control>
                    </control>
                    <control type="group">
                        <left>150</left>
                        <control type="label">
                            <top>50</top>
                            <left>10</left>
                            <width>130</width>
                            <height>0</height>
                            <align>center</align>
                            <aligny>center</aligny>
                            <font>font12</font> <!-- FEN_38 -->
                            <label>[COLOR $INFO[Window.Property(flag_highlight)]][B]$INFO[Window.Property(flag_1)][/B][/COLOR]</label>
                        </control>
                        <control type="label">
                            <top>100</top>
                            <left>10</left>
                            <width>130</width>
                            <height>0</height>
                            <align>center</align>
                            <aligny>center</aligny>
                            <font>font12</font> <!-- FEN_38 -->
                            <label>[COLOR $INFO[Window.Property(result_highlight)]][B]$INFO[Window.Property(results_1)][/B][/COLOR]</label>
                        </control>
                    </control>
                    <control type="group">
                        <left>300</left>
                        <control type="label">
                            <top>50</top>
                            <left>10</left>
                            <width>130</width>
                            <height>0</height>
                            <align>center</align>
                            <aligny>center</aligny>
                            <font>font12</font> <!-- FEN_38 -->
                            <label>[COLOR $INFO[Window.Property(flag_highlight)]][B]$INFO[Window.Property(flag_2)][/B][/COLOR]</label>
                        </control>
                        <control type="label">
                            <top>100</top>
                            <left>10</left>
                            <width>130</width>
                            <height>0</height>
                            <align>center</align>
                            <aligny>center</aligny>
                            <font>font12</font> <!-- FEN_38 -->
                            <label>[COLOR $INFO[Window.Property(result_highlight)]][B]$INFO[Window.Property(results_2)][/B][/COLOR]</label>
                        </control>
                    </control>
                    <control type="group">
                        <left>450</left>
                        <control type="label">
                            <top>50</top>
                            <left>10</left>
                            <width>130</width>
                            <height>0</height>
                            <align>center</align>
                            <aligny>center</aligny>
                            <font>font12</font> <!-- FEN_38 -->
                            <label>[COLOR $INFO[Window.Property(flag_highlight)]][B]$INFO[Window.Property(flag_3)][/B][/COLOR]</label>
                        </control>
                        <control type="label">
                            <top>100</top>
                            <left>10</left>
                            <width>130</width>
                            <height>0</height>
                            <align>center</align>
                            <aligny>center</aligny>
                            <font>font12</font> <!-- FEN_38 -->
                            <label>[COLOR $INFO[Window.Property(result_highlight)]][B]$INFO[Window.Property(results_3)][/B][/COLOR]</label>
                        </control>
                    </control>
                    <control type="group">
                        <left>600</left>
                        <control type="label">
                            <top>50</top>
                            <left>10</left>
                            <width>130</width>
                            <height>0</height>
                            <align>center</align>
                            <aligny>center</aligny>
                            <font>font12</font> <!-- FEN_38 -->
                            <label>[COLOR $INFO[Window.Property(flag_highlight)]][B]$INFO[Window.Property(flag_total)][/B][/COLOR]</label>
                        </control>
                        <control type="label">
                            <top>100</top>
                            <left>10</left>
                            <width>130</width>
                            <height>0</height>
                            <align>center</align>
                            <aligny>center</aligny>
                            <font>font12</font> <!-- FEN_38 -->
                            <label>[COLOR $INFO[Window.Property(result_highlight)]][B]$INFO[Window.Property(results_total)][/B][/COLOR]</label>
                        </control>
                    </control>
                </control>
                <control type="group">
                    <visible>String.IsEqual(Window.Property(show_remaining),true)</visible>
                    <top>310</top>
                    <left>20</left>
                    <control type="group">
                        <control type="group">
                            <top>12</top>
                            <control type="group">
                                <left>170</left>
                                <control type="image">
                                    <left>300</left>
                                    <width>20</width>
                                    <height>20</height>
                                    <texture>common/white_elipse.png</texture>
                                    <visible>Integer.IsGreaterOrEqual(Window().Property(percent),1)</visible>
                                    <colordiffuse>$INFO[Window.Property(flag_highlight)]</colordiffuse>
                                </control>
                                <control type="image">
                                    <left>270</left>
                                    <width>20</width>
                                    <height>20</height>
                                    <texture>common/white_elipse.png</texture>
                                    <visible>Integer.IsGreaterOrEqual(Window().Property(percent),10)</visible>
                                    <colordiffuse>$INFO[Window.Property(flag_highlight)]</colordiffuse>
                                </control>
                                <control type="image">
                                    <left>240</left>
                                    <width>20</width>
                                    <height>20</height>
                                    <texture>common/white_elipse.png</texture>
                                    <visible>Integer.IsGreaterOrEqual(Window().Property(percent),20)</visible>
                                    <colordiffuse>$INFO[Window.Property(flag_highlight)]</colordiffuse>
                                </control>
                                <control type="image">
                                    <left>210</left>
                                    <width>20</width>
                                    <height>20</height>
                                    <texture>common/white_elipse.png</texture>
                                    <visible>Integer.IsGreaterOrEqual(Window().Property(percent),30)</visible>
                                    <colordiffuse>$INFO[Window.Property(flag_highlight)]</colordiffuse>
                                </control>
                                <control type="image">
                                    <left>180</left>
                                    <width>20</width>
                                    <height>20</height>
                                    <texture>common/white_elipse.png</texture>
                                    <visible>Integer.IsGreaterOrEqual(Window().Property(percent),40)</visible>
                                    <colordiffuse>$INFO[Window.Property(flag_highlight)]</colordiffuse>
                                </control>
                                <control type="image">
                                    <left>150</left>
                                    <width>20</width>
                                    <height>20</height>
                                    <texture>common/white_elipse.png</texture>
                                    <visible>Integer.IsGreaterOrEqual(Window().Property(percent),50)</visible>
                                    <colordiffuse>$INFO[Window.Property(flag_highlight)]</colordiffuse>
                                </control>
                                <control type="image">
                                    <left>120</left>
                                    <width>20</width>
                                    <height>20</height>
                                    <texture>common/white_elipse.png</texture>
                                    <visible>Integer.IsGreaterOrEqual(Window().Property(percent),60)</visible>
                                    <colordiffuse>$INFO[Window.Property(flag_highlight)]</colordiffuse>
                                </control>
                                <control type="image">
                                    <left>90</left>
                                    <width>20</width>
                                    <height>20</height>
                                    <texture>common/white_elipse.png</texture>
                                    <visible>Integer.IsGreaterOrEqual(Window().Property(percent),70)</visible>
                                    <colordiffuse>$INFO[Window.Property(flag_highlight)]</colordiffuse>
                                </control>
                                <control type="image">
                                    <left>60</left>
                                    <width>20</width>
                                    <height>20</height>
                                    <texture>common/white_elipse.png</texture>
                                    <visible>Integer.IsGreaterOrEqual(Window().Property(percent),80)</visible>
                                    <colordiffuse>FFFF1919</colordiffuse>
                                </control>
                                <control type="image">
                                    <left>30</left>
                                    <width>20</width>
                                    <height>20</height>
                                    <texture>common/white_elipse.png</texture>
                                    <visible>Integer.IsGreaterOrEqual(Window().Property(percent),90)</visible>
                                    <colordiffuse>FFFF1919</colordiffuse>
                                </control>
                                <control type="image">
                                    <left>0</left>
                                    <width>20</width>
                                    <height>20</height>
                                    <texture>common/white_elipse.png</texture>
                                    <visible>Integer.IsGreaterOrEqual(Window().Property(percent),99)</visible>
                                    <colordiffuse>FFFF1919</colordiffuse>
                                </control>
                            </control>
                            <control type="group">
                                <left>605</left>
                                <control type="image">
                                    <left>0</left>
                                    <width>20</width>
                                    <height>20</height>
                                    <texture>common/white_elipse.png</texture>
                                    <visible>Integer.IsGreaterOrEqual(Window().Property(percent),1)</visible>
                                    <colordiffuse>$INFO[Window.Property(flag_highlight)]</colordiffuse>
                                </control>
                                <control type="image">
                                    <left>30</left>
                                    <width>20</width>
                                    <height>20</height>
                                    <texture>common/white_elipse.png</texture>
                                    <visible>Integer.IsGreaterOrEqual(Window().Property(percent),10)</visible>
                                    <colordiffuse>$INFO[Window.Property(flag_highlight)]</colordiffuse>
                                </control>
                                <control type="image">
                                    <left>60</left>
                                    <width>20</width>
                                    <height>20</height>
                                    <texture>common/white_elipse.png</texture>
                                    <visible>Integer.IsGreaterOrEqual(Window().Property(percent),20)</visible>
                                    <colordiffuse>$INFO[Window.Property(flag_highlight)]</colordiffuse>
                                </control>
                                <control type="image">
                                    <left>90</left>
                                    <width>20</width>
                                    <height>20</height>
                                    <texture>common/white_elipse.png</texture>
                                    <visible>Integer.IsGreaterOrEqual(Window().Property(percent),30)</visible>
                                    <colordiffuse>$INFO[Window.Property(flag_highlight)]</colordiffuse>
                                </control>
                                <control type="image">
                                    <left>120</left>
                                    <width>20</width>
                                    <height>20</height>
                                    <texture>common/white_elipse.png</texture>
                                    <visible>Integer.IsGreaterOrEqual(Window().Property(percent),40)</visible>
                                    <colordiffuse>$INFO[Window.Property(flag_highlight)]</colordiffuse>
                                </control>
                                <control type="image">
                                    <left>150</left>
                                    <width>20</width>
                                    <height>20</height>
                                    <texture>common/white_elipse.png</texture>
                                    <visible>Integer.IsGreaterOrEqual(Window().Property(percent),50)</visible>
                                    <colordiffuse>$INFO[Window.Property(flag_highlight)]</colordiffuse>
                                </control>
                                <control type="image">
                                    <left>180</left>
                                    <width>20</width>
                                    <height>20</height>
                                    <texture>common/white_elipse.png</texture>
                                    <visible>Integer.IsGreaterOrEqual(Window().Property(percent),60)</visible>
                                    <colordiffuse>$INFO[Window.Property(flag_highlight)]</colordiffuse>
                                </control>
                                <control type="image">
                                    <left>210</left>
                                    <width>20</width>
                                    <height>20</height>
                                    <texture>common/white_elipse.png</texture>
                                    <visible>Integer.IsGreaterOrEqual(Window().Property(percent),70)</visible>
                                    <colordiffuse>$INFO[Window.Property(flag_highlight)]</colordiffuse>
                                </control>
                                <control type="image">
                                    <left>240</left>
                                    <width>20</width>
                                    <height>20</height>
                                    <texture>common/white_elipse.png</texture>
                                    <visible>Integer.IsGreaterOrEqual(Window().Property(percent),80)</visible>
                                    <colordiffuse>FFFF1919</colordiffuse>
                                </control>
                                <control type="image">
                                    <left>270</left>
                                    <width>20</width>
                                    <height>20</height>
                                    <texture>common/white_elipse.png</texture>
                                    <visible>Integer.IsGreaterOrEqual(Window().Property(percent),90)</visible>
                                    <colordiffuse>FFFF1919</colordiffuse>
                                </control>
                                <control type="image">
                                    <left>300</left>
                                    <width>20</width>
                                    <height>20</height>
                                    <texture>common/white_elipse.png</texture>
                                    <visible>Integer.IsGreaterOrEqual(Window().Property(percent),99)</visible>
                                    <colordiffuse>FFFF1919</colordiffuse>
                                </control>
                            </control>
                        </control>
                        <control type="label">
                            <top>20</top>
                            <left>133</left>
                            <width>825</width>
                            <height>0</height>
                            <align>center</align>
                            <aligny>center</aligny>
                            <font>font12</font> <!-- FEN_38 -->
                            <label>[COLOR $INFO[Window.Property(flag_highlight)]][B]$INFO[Window.Property(percent_label)][/B][/COLOR]</label>
                            <visible>Integer.IsGreaterOrEqual(Window().Property(percent),1)</visible>
                        </control>
                    </control>
                    <control type="textbox" id="2001">
                        <top>60</top>
                        <left>170</left>
                        <width>750</width>
                        <height>210</height>
                        <align>center</align>
                        <aligny>bottom</aligny>
                        <font>font12</font> <!-- FEN_26 -->
                        <textcolor>$INFO[Window.Property(result_highlight)]</textcolor>
                        <visible>Integer.IsGreaterOrEqual(Window().Property(percent),1)</visible>
                    </control>
                </control>
            </control>
            <control type="group">
                <visible>String.IsEqual(Window.Property(enable_resolver),true)</visible>
                <control type="group">
                    <top>470</top>
                    <left>405</left>
                    <control type="image">
                        <left>505</left>
                        <top>0</top>
                        <width max="100">auto</width>
                        <height max="100">auto</height>
                        <texture flipx="true" colordiffuse="FFFAFAFA">common/spinners/loading-spinner.png</texture>
                        <animation effect="fade" time="320" delay="400">Visible</animation>
                        <animation effect="rotate" end="360" center="auto" time="1200" loop="true" reversible="false" condition="true">Conditional</animation>
                        <animation effect="fade" start="70" time="1200" condition="true" pulse="true">Conditional</animation>
                    </control>
                    <control type="textbox">
                        <left>145</left>
                        <top>100</top>
                        <width>820</width>
                        <height>368</height>
                        <font>font12</font> <!-- FEN_26 -->
                        <align>center</align>
                        <textcolor>FFB7B4BB</textcolor>
                        <label>$INFO[Window.Property(text)]</label>
                    </control>
                </control>
                <control type="textbox" id="2002">
                    <left>20</left>
                    <top>970</top>
                    <width>1880</width>
                    <height>110</height>
                    <font>font12</font> <!-- FEN_26 -->
                    <align>center</align>
                    <textcolor>FFB7B4BB</textcolor>
                </control>
            </control>
        </control>
    </controls>
</window>
