<?xml version="1.0" encoding="UTF-8" standalone="yes"?>
<addon id="repository.armaniflix" name="ArmaniFlix Repository" version="0.0.1" provider-name="Sisyphus Sam">
    <extension point="xbmc.addon.repository" name="ArmaniFlix Repository">
        <dir>
            <info compressed="false">https://raw.githubusercontent.com/sisyphussam/sisyphussam.github.io/main/zips/addons.xml</info>
            <checksum>https://raw.githubusercontent.com/sisyphussam/sisyphussam.github.io/main/zips/addons.xml.md5</checksum>
            <datadir zip="true">https://raw.githubusercontent.com/sisyphussam/sisyphussam.github.io/main/zips/</datadir>
        </dir>
				<dir>
            <info compressed="false">https://raw.githubusercontent.com/CocoJoe2411/repository.cocoscrapers/master/zips/addons.xml</info>
            <checksum>https://raw.githubusercontent.com/CocoJoe2411/repository.cocoscrapers/master/zips/addons.xml.md5</checksum>
            <datadir zip="true">https://raw.githubusercontent.com/CocoJoe2411/repository.cocoscrapers/master/zips/</datadir>
        </dir>
				<dir>
            <info>https://raw.githubusercontent.com/newt-sc/a4kSubtitles/master/packages/addons.xml</info>
            <checksum>https://raw.githubusercontent.com/newt-sc/a4kSubtitles/master/packages/addons.xml.crc</checksum>
            <datadir zip="true">https://github.com/newt-sc/a4kSubtitles/archive</datadir>
        </dir>
    </extension>
    <extension point="xbmc.addon.metadata">
        <summary>ArmaniFlix Repository</summary>
        <description>Contains ArmaniFlix video plugin and skin, cocoscrapers, and arkSubtitles</description>
        <disclaimer></disclaimer>
        <platform>all</platform>
        <assets>
            <icon>icon.png</icon>
            <fanart>fanart.jpg</fanart>
        </assets>
    </extension>
</addon>