<?xml version="1.0" encoding="UTF-8"?>
<includes>
    <include name="View_55_WideList">
        <param name="bottom_offset">list_bottom_offset</param>
        <definition>
            <control type="group">
                <include>OpenClose_Right</include>
                <visible>Control.IsVisible(55)</visible>
                <include>Visible_Right</include>
                <control type="image">
                    <width>700</width>
                    <texture colordiffuse="88000000">colors/white.png</texture>
                </control>
                <control type="fixedlist" id="55">
                    <left>0</left>
                    <top>list_top_offset</top>
                    <bottom>$PARAM[bottom_offset]</bottom>
                    <right>0</right>
                    <scrolltime tween="cubic" easing="out">500</scrolltime>
                    <orientation>vertical</orientation>
                    <movement>6</movement>
                    <focusposition>5</focusposition>
                    <onleft>PageUp</onleft>
                    <onright>PageDown</onright>
                    <onup>55</onup>
                    <ondown>55</ondown>
                    <viewtype label="$LOCALIZE[31107]">list</viewtype>
                    <include content="WideLayout">
                        <param name="condition" value="Container.Content(tvshows) | Container.Content(seasons) | Container.Content(episodes) | Container.Content(movies) | Container.Content(musicvideos) | Container.Content(videos) | Container.Content(games) | Window.IsActive(videoplaylist) | Window.IsActive(musicplaylist)" />
                        <param name="label1" value="$VAR[ListLabelVar]" />
                        <param name="label2" value="$VAR[ListLabel2Var]" />
                    </include>
                    <include content="WideLayout">
                        <param name="condition" value="!Container.Content(songs) + !Container.Content(addons) + !Container.Content(playlists) + !Container.Content() + !Container.Content(tvshows) + !Container.Content(seasons) + !Container.Content(episodes) + !Container.Content(movies) + !Container.Content(musicvideos) + !Container.Content(videos)+ !Container.Content(favourites)" />
                        <param name="label1" value="$INFO[ListItem.Label]" />
                        <param name="label2" value="$VAR[ListLabel2Var]" />
                    </include>
                    <include content="WideLayout">
                        <param name="condition" value="Container.Content(playlists) | Container.Content(favourites) | Container.Content()" />
                        <param name="label1" value="$INFO[ListItem.Label]" />
                        <param name="label2" value="" />
                    </include>
                    <include condition="Window.IsActive(music)">SongsListLayout</include>
                    <include>AddonsListLayout</include>
                </control>
            </control>
        </definition>
    </include>
    <include name="SongsListLayout">
        <include content="WideLayout">
            <param name="condition" value="Container.Content(songs)" />
            <param name="label1" value="$VAR[ListLabelVar]" />
            <param name="label2" value="$VAR[ListLabel2Var]" />
        </include>
    </include>
    <include name="AddonsListLayout">
        <include content="WideLayout">
            <param name="condition" value="Container.Content(addons)" />
            <param name="label1" value="$INFO[ListItem.Label]" />
            <param name="label2" value="$VAR[AddonsLabel2Var]" />
        </include>
    </include>
    <include name="WideLayout">
        <param name="label1">$INFO[ListItem.Label1]</param>
        <param name="label2">$INFO[ListItem.Label2]</param>
        <definition>
            <focusedlayout height="list_item_height" condition="$PARAM[condition]">
                <control type="image">
                    <left>10</left>
                    <width>680</width>
                    <texture colordiffuse="button_focus">lists/focus.png</texture>
                    <visible>Control.hasFocus(55)</visible>
                </control>
                <control type="label">
                    <font>font_list</font>
                    <left>30</left>
                    <width>640</width>
                    <align>left</align>
                    <aligny>center</aligny>
                    <scroll>true</scroll>
                    <label>$PARAM[label1]</label>
                </control>
                <control type="label">
                    <font>font40</font>
                    <left>720</left>
                    <right>0</right>
                    <align>left</align>
                    <aligny>center</aligny>
                    <label>$PARAM[label2]</label>
                    <scroll>true</scroll>
                </control>
            </focusedlayout>
            <itemlayout height="list_item_height" condition="Container.Content(addons)">
                <control type="label">
                    <font>font_list</font>
                    <left>30</left>
                    <width>640</width>
                    <align>left</align>
                    <aligny>center</aligny>
                    <label>$PARAM[label1]</label>
                </control>
                <control type="label">
                    <font>font40</font>
                    <left>720</left>
                    <right>0</right>
                    <align>left</align>
                    <aligny>center</aligny>
                    <label>$PARAM[label2]</label>
                    <textcolor>grey</textcolor>
                    <shadowcolor>text_shadow</shadowcolor>
                </control>
            </itemlayout>
        </definition>
    </include>
</includes>
