<?xml version="1.0" encoding="utf-8"?>
<window type="dialog" id="1111">
    <onload>RunPlugin(plugin://plugin.video.armaniflix/?mode=playlist_menu&amp;action=load)</onload>
    <onunload>RunPlugin(plugin://plugin.video.armaniflix/?mode=playlist_menu&amp;action=unload)</onunload>
    <defaultcontrol always="true">1000</defaultcontrol>
    <controls>
        <include content="PlaylistCommonControls">
			<param name="left" value="20" />
			<param name="width" value="650" />
			<param name="header" value="Playlist Editor" />
			<param name="info" value="[I]Press BACK when done[/I]" />
		</include>
        <control type="group">
            <left>20</left>
            <width>650</width>
            <top>240</top>
            <height>620</height>
            <control type="image">
                <left>-1</left>
                <right>-1</right>
                <top>-1</top>
                <bottom>-1</bottom>
                <texture>colors/white.png</texture>
            </control>
            <control type="image">
                <texture>colors/black.png</texture>
            </control>
            <control type="list" id="1000">
                <left>10</left>
                <right>10</right>
                <top>10</top>
                <bottom>10</bottom>
                <orientation>vertical</orientation>
                <onclick>RunPlugin(plugin://plugin.video.armaniflix/?mode=playlist_menu&amp;action=$INFO[ListItem.Property(id)])</onclick>
                <onright>Action(close)</onright>
                <itemlayout height="60">
                    <control type="group">
                        <control type="label">
                            <left>10</left>
                            <width>270</width>
                            <font>font_menu_label</font>
                            <align>left</align>
                            <aligny>center</aligny>
                            <textcolor>lightgrey</textcolor>
                            <label>$INFO[ListItem.Label]</label>
                        </control>
                        <control type="label">
                            <left>290</left>
                            <right>10</right>
                            <font>font_menu_label2</font>
                            <align>right</align>
                            <aligny>center</aligny>
                            <textcolor>lightgrey</textcolor>
                            <label>$INFO[ListItem.Label2]</label>
                        </control>
                    </control>
                </itemlayout>
                <focusedlayout height="60">
                    <control type="group">
                        <control type="image">
                            <texture colordiffuse="button_focus">colors/white.png</texture>
                        </control>
                        <control type="label">
                            <left>10</left>
                            <width>270</width>
                            <font>font_menu_label</font>
                            <align>left</align>
                            <aligny>center</aligny>
                            <textcolor>white</textcolor>
                            <label>$INFO[ListItem.Label]</label>
                        </control>
                        <control type="label">
                            <left>290</left>
                            <right>10</right>
                            <font>font_menu_label2</font>
                            <align>right</align>
                            <aligny>center</aligny>
                            <textcolor>lightgrey</textcolor>
                            <scroll>true</scroll>
                            <label>$INFO[ListItem.Label2]</label>
                        </control>
                    </control>
                </focusedlayout>
                <content>
                    <item>
                        <label>Media Types</label>
                        <label2>$INFO[Window.Property(media_types)]</label2>
                        <property name="id">media_types</property>
                    </item>
                    <item>
                        <label>Watched Status</label>
                        <label2>$INFO[Window.Property(watched_status)]</label2>
                        <property name="id">watched_status</property>
                    </item>
                    <item>
                        <label>Decades</label>
                        <label2>$INFO[Window.Property(decades)]</label2>
                        <property name="id">decades</property>
                    </item>
                    <item>
                        <label>Languages</label>
                        <label2>$INFO[Window.Property(languages)]</label2>
                        <property name="id">languages</property>
                    </item>
                    <item>
                        <label>Genres (any)</label>
                        <label2>$INFO[Window.Property(genres_any)]</label2>
                        <property name="id">genres_any</property>
                    </item>
                    <item>
                        <label>Genres (all)</label>
                        <label2>$INFO[Window.Property(genres_all)]</label2>
                        <property name="id">genres_all</property>
                    </item>
                    <item>
                        <label>Genres (none)</label>
                        <label2>$INFO[Window.Property(genres_none)]</label2>
                        <property name="id">genres_none</property>
                    </item>
                    <item>
                        <label>Search (any)</label>
                        <label2>$INFO[Window.Property(search_any)]</label2>
                        <property name="id">search_any</property>
                    </item>
                    <item>
                        <label>Search (all)</label>
                        <label2>$INFO[Window.Property(search_all)]</label2>
                        <property name="id">search_all</property>
                    </item>
                    <item>
                        <label>Search (none)</label>
                        <label2>$INFO[Window.Property(search_none)]</label2>
                        <property name="id">search_none</property>
                    </item>
                </content>
            </control>
        </control>
    </controls>
</window>