<?xml version="1.0" encoding="UTF-8"?>
<window>
    <onload condition="Player.HasMedia">Stop</onload>
    <defaultcontrol always="true">50</defaultcontrol>
    <backgroundcolor>background</backgroundcolor>
    <views>50</views>
    <menucontrol>9000</menucontrol>
    <controls>
        <include>DefaultBackground</include>
        <control type="group">
            <animation effect="fade" start="100" end="0" time="200" tween="sine" condition="$EXP[infodialog_active]">
                Conditional
            </animation>
            <include>View_50_List</include>
            <include content="BottomBar">
                <param name="info_visible" value="true"/>
            </include>
            <control type="group">
                <depth>DepthContentPanel</depth>
                <include>OpenClose_Left</include>
                <visible>Control.IsVisible(50)</visible>
                <include>Visible_Left</include>
                <!-- Header -->
                <include content="ContentPanel">
                    <param name="top" value="-20"/>
                    <param name="height" value="140"/>
                    <param name="width" value="120%"/>
                </include>
                <!-- Footer -->
                <include content="ContentPanel">
                    <param name="top" value="980"/>
                    <param name="height" value="140"/>
                    <param name="width" value="120%"/>
                </include>
                <!-- Details -->
                <include content="ContentPanel">
                    <param name="top" value="80"/>
                    <param name="height" value="940"/>
                    <param name="width" value="756"/>
                </include>
                <control type="group">
                    <top>110</top>
                    <width>640</width>
                    <left>30</left>
                    <control type="image">
                        <description>separator image</description>
                        <height>3</height>
                        <texture colordiffuse="AAAAAAAA" border="3">dialogs/separator-grey.png</texture>
                    </control>
                    <control type="grouplist">
                        <top>5</top>
                        <itemgap>8</itemgap>
                        <orientation>vertical</orientation>
                        <control type="textbox">
                            <height max="160">auto</height>
                            <label>$VAR[Var_VideoTitle]</label>
                            <font>font_details_title</font>
                            <textcolor>lightblue</textcolor>
                            <autoscroll delay="10000" time="3000" repeat="10000">False</autoscroll>
                        </control>
                        <control type="label">
                            <height>40</height>
                            <font>font_details</font>
                            <textcolor>aliceblue</textcolor>
                            <label>$VAR[Var_VideoDetails2]</label>
                            <visible>String.IsEqual(ListItem.DbType,movie) | String.IsEqual(ListItem.DbType,tvshow) |
                                String.IsEqual(ListItem.DbType,episode)
                            </visible>
                        </control>
                        <control type="label">
                            <font>font_details</font>
                            <height>40</height>
                            <textcolor>aliceblue</textcolor>
                            <label>$VAR[Var_VideoDetails]</label>
                            <shadowcolor>text_shadow</shadowcolor>
                            <visible>String.IsEqual(ListItem.DbType,movie) | String.IsEqual(ListItem.DbType,tvshow) |
                                String.IsEqual(ListItem.DbType,season) | String.IsEqual(ListItem.DbType,episode)
                            </visible>
                        </control>
                        <control type="label">
                            <height>40</height>
                            <font>font_details</font>
                            <textcolor>aliceblue</textcolor>
                            <label>$INFO[ListItem.RatingAndVotes]</label>
                            <visible>[String.IsEqual(ListItem.DbType,movie) | String.IsEqual(ListItem.DbType,tvshow)] +
                                !String.IsEmpty(ListItem.RatingAndVotes)
                            </visible>
                        </control>
                        <control type="label">
                            <height>30</height>
                            <visible>String.IsEqual(ListItem.DbType,movie) | String.IsEqual(ListItem.DbType,tvshow) |
                                String.IsEqual(ListItem.DbType,season) | String.IsEqual(ListItem.DbType,episode)
                            </visible>
                        </control>
                        <control type="textbox">
                            <height max="1080">auto</height>
                            <font>font_details</font>
                            <label>$VAR[Var_VideoNavPlot]</label>
                            <autoscroll delay="10000" time="3000" repeat="10000">False</autoscroll>
                        </control>
                    </control>
                </control>

            </control>
            <include content="TopBar">
                <param name="breadcrumbs_label" value="$VAR[BreadcrumbsVideoVar]"/>
                <param name="sublabel" value="$VAR[Var_BreadcrumbsSubLabel]"/>
            </include>
            <control type="group">
                <depth>DepthBars</depth>
                <bottom>0</bottom>
                <height>70</height>
                <animation effect="fade" start="0" end="100" time="300" delay="300">WindowOpen</animation>
                <animation effect="fade" start="100" end="0" time="200">WindowClose</animation>
                <control type="label">
                    <right>20</right>
                    <width>1200</width>
                    <height>60</height>
                    <align>right</align>
                    <aligny>center</aligny>
                    <font>font37</font>
                    <label>$LOCALIZE[32153]</label>
                </control>
                <control type="button">
                    <left>0</left>
                    <width>400</width>
                    <texturefocus/>
                    <texturenofocus/>
                    <onclick>Control.move(50,-1)</onclick>
                </control>
                <control type="button">
                    <right>0</right>
                    <width>400</width>
                    <texturefocus/>
                    <texturenofocus/>
                    <onclick>Control.move(50,1)</onclick>
                </control>
            </control>
            <include content="UpDownArrows">
                <param name="container_id" value="50"/>
                <param name="posx" value="700"/>
                <param name="up_posy" value="70"/>
                <param name="down_posy" value="1010"/>
            </include>
            <include>MediaMenuMouseOverlay</include>
            <control type="group">
                <include>MediaMenuCommon</include>
                <control type="grouplist" id="9000">
                    <left>10</left>
                    <right>10</right>
                    <top>10</top>
                    <onback>50</onback>
                    <onleft>50</onleft>

                    <control type="label" id="400">
                        <include>MediaMenuLabelCommon</include>
                        <visible>String.IsEqual(ListItem.DBType,movie) | String.IsEqual(ListItem.DBType,episode)
                        </visible>
                        <label>Play</label>
                    </control>
                    <control type="button" id="401">
                        <description>Play</description>
                        <visible>!String.IsEmpty(ListItem.Property(armani.play_params))</visible>
                        <include>ArmaniMediaMenuButtonCommon</include>
                        <label>Auto</label>
                        <onclick>RunPlugin($INFO[ListItem.Property(armani.play_params)])</onclick>
                    </control>
                    <control type="button" id="402">
                        <description>Select Source (filters)</description>
                        <visible>!String.IsEmpty(ListItem.Property(fen.rescrape_params))</visible>
                        <include>ArmaniMediaMenuButtonCommon</include>
                        <label>Select Source</label>
                        <onclick>RunPlugin($INFO[ListItem.Property(fen.rescrape_params)])</onclick>
                    </control>

                    <control type="label" id="500">
                        <include>MediaMenuLabelCommon</include>
                        <label>Modify</label>
                    </control>
                    <control type="button" id="501">
                        <description>Playlist - Modify</description>
                        <visible>String.Contains(Container.FolderPath,action=playlist)</visible>
                        <include>ArmaniMediaMenuButtonCommon</include>
                        <label>Edit Playlist</label>
                        <onclick>Control.SetFocus(50)</onclick>
                        <onclick>ActivateWindow(1111)</onclick>
                    </control>
                    <control type="button" id="502">
                        <description>Admin: add titles</description>
                        <include>ArmaniMediaMenuButtonCommon</include>
                        <label>Add Titles</label>
                        <onclick>RunPlugin($INFO[ListItem.Property(armani_add_params)])</onclick>
                        <visible>!String.IsEmpty(ListItem.Property(armani_add_params))</visible>
                    </control>
                    <control type="button" id="503">
                        <description>Admin: edit selected</description>
                        <include>ArmaniMediaMenuButtonCommon</include>
                        <label>Edit Selected</label>
                        <onclick>RunPlugin($INFO[ListItem.Property(armani.admin_edit_params)])</onclick>
                        <onclick>Control.SetFocus(50)</onclick>
                        <visible>!String.IsEmpty(ListItem.Property(armani.admin_edit_params))</visible>
                    </control>
                    <control type="button" id="504">
                        <description>Admin: edit all</description>
                        <include>ArmaniMediaMenuButtonCommon</include>
                        <label>Edit "$INFO[Container(50).ListItem.Label]"</label>
                        <onclick>RunPlugin($INFO[ListItem.Property(armani.admin_edit_all_params)])</onclick>
                        <visible>!String.IsEmpty(ListItem.Property(armani.admin_edit_all_params))</visible>
                    </control>
                    <control type="button" id="505">
                        <description>Admin: update episodes</description>
                        <include>ArmaniMediaMenuButtonCommon</include>
                        <label>Update Episodes</label>
                        <onclick>RunPlugin($INFO[ListItem.Property(armani_episode_refresh)])</onclick>
                        <visible>!String.IsEmpty(ListItem.Property(armani_episode_refresh))</visible>
                    </control>

                    <control type="label" id="600">
                        <include>MediaMenuLabelCommon</include>
                        <visible>!String.IsEmpty(ListItem.Property(armani.favorite_params)) |
                            !String.IsEmpty(ListItem.Property(fen.watched_params)) |
                            !String.IsEmpty(ListItem.Property(fen.unwatched_params)) |
                            !String.IsEmpty(ListItem.Property(fen.clearprog_params))
                        </visible>
                        <label>Mark</label>
                    </control>
                    <control type="button" id="601">
                        <description>Favorites</description>
                        <visible>!String.IsEmpty(ListItem.Property(armani.favorite_params))</visible>
                        <include>ArmaniMediaMenuButtonCommon</include>
                        <label>$VAR[Var_Fav]</label>
                        <onclick>RunPlugin($INFO[ListItem.Property(armani.favorite_params)])</onclick>
                    </control>
                    <control type="button" id="602">
                        <description>Mark Watched</description>
                        <visible>String.Contains(ListItem.Property(fen.watched_params),mark_as_watched)</visible>
                        <include>ArmaniMediaMenuButtonCommon</include>
                        <label>$LOCALIZE[32167]</label>
                        <onclick>RunPlugin($INFO[ListItem.Property(fen.watched_params)])</onclick>
                    </control>
                    <control type="button" id="603">
                        <description>Mark Unwatched</description>
                        <visible>String.Contains(ListItem.Property(fen.unwatched_params),mark_as_unwatched)</visible>
                        <include>ArmaniMediaMenuButtonCommon</include>
                        <label>$LOCALIZE[32168]</label>
                        <onclick>RunPlugin($INFO[ListItem.Property(fen.unwatched_params)])</onclick>
                    </control>
                    <control type="button" id="604">
                        <description>Clear Progress</description>
                        <visible>!String.IsEmpty(ListItem.Property(fen.clearprog_params))</visible>
                        <include>ArmaniMediaMenuButtonCommon</include>
                        <label>$LOCALIZE[32169]</label>
                        <onclick>RunPlugin($INFO[ListItem.Property(fen.clearprog_params)])</onclick>
                    </control>

                    <control type="label" id="700">
                        <include>MediaMenuLabelCommon</include>
                        <visible>!String.IsEmpty(ListItem.Property(sort_rating_desc))</visible>
                        <label>$LOCALIZE[32157]</label>
                    </control>
                    <control type="button" id="701">
                        <description>Rated - Best to Worst</description>
                        <visible>!String.IsEmpty(ListItem.Property(sort_rating_desc))</visible>
                        <include>ArmaniMediaMenuButtonCommon</include>
                        <label>$LOCALIZE[32158]</label>
                        <onclick>ActivateWindow(videos,$INFO[ListItem.Property(sort_rating_desc)],return)</onclick>
                    </control>
                    <control type="button" id="702">
                        <description>Rated - Worst to Best</description>
                        <visible>!String.IsEmpty(ListItem.Property(sort_rating_asc))</visible>
                        <include>ArmaniMediaMenuButtonCommon</include>
                        <label>$LOCALIZE[32159]</label>
                        <onclick>ActivateWindow(videos,$INFO[ListItem.Property(sort_rating_asc)],return)</onclick>
                    </control>
                    <control type="button" id="703">
                        <description>Votes - Most to Fewest</description>
                        <visible>!String.IsEmpty(ListItem.Property(sort_votes_desc))</visible>
                        <include>ArmaniMediaMenuButtonCommon</include>
                        <label>$LOCALIZE[32160]</label>
                        <onclick>ActivateWindow(videos,$INFO[ListItem.Property(sort_votes_desc)],return)</onclick>
                    </control>
                    <control type="button" id="704">
                        <description>By Votes: Fewest to Most</description>
                        <visible>!String.IsEmpty(ListItem.Property(sort_votes_asc))</visible>
                        <include>ArmaniMediaMenuButtonCommon</include>
                        <label>$LOCALIZE[32161]</label>
                        <onclick>ActivateWindow(videos,$INFO[ListItem.Property(sort_votes_asc)],return)</onclick>
                    </control>
                    <control type="button" id="705">
                        <description>By Year: New to Old</description>
                        <visible>!String.IsEmpty(ListItem.Property(sort_year_desc))</visible>
                        <include>ArmaniMediaMenuButtonCommon</include>
                        <label>$LOCALIZE[32162]</label>
                        <onclick>ActivateWindow(videos,$INFO[ListItem.Property(sort_year_desc)],return)</onclick>
                    </control>
                    <control type="button" id="706">
                        <description>By Year: Old to New</description>
                        <visible>!String.IsEmpty(ListItem.Property(sort_year_asc))</visible>
                        <include>ArmaniMediaMenuButtonCommon</include>
                        <label>$LOCALIZE[32163]</label>
                        <onclick>ActivateWindow(videos,$INFO[ListItem.Property(sort_year_asc)],return)</onclick>
                    </control>
                </control>
            </control>
        </control>
    </controls>
</window>
