<?xml version="1.0" encoding="UTF-8"?>
<window>
    <controls>
        <!-- Background -->
        <control type="group">
            <control type="image">
                <left>0</left>
                <top>0</top>
                <width>1920</width>
                <height>1080</height>
                <texture>common/black.png</texture>
            </control>
            <control type="image">
                <left>0</left>
                <top>0</top>
                <width>1920</width>
                <height>1080</height>
                <aspectratio>scale</aspectratio>
                <texture colordiffuse="primary_background">special://skin/extras/backgrounds/primary.jpg</texture>
            </control>
            <control type="image">
                <left>0</left>
                <top>0</top>
                <width>1920</width>
                <height>1080</height>
                <aspectratio>scale</aspectratio>
                <texture colordiffuse="secondary_background">special://skin/extras/backgrounds/pattern.jpg</texture>
            </control>
        </control>
        <!-- Fen Logo and Total Results -->
        <control type="group">
            <animation effect="fade" start="0" end="100" delay="400" time="500">WindowOpen</animation>
            <control type="image">
                <left>5</left>
                <top>5</top>
                <width>60</width>
                <height>60</height>
                <aspectratio aligny="top">keep</aspectratio>
                <texture>common/fen.png</texture>
            </control>
            <control type="label">
                <left>70</left>
                <top>22</top>
                <width max="355">auto</width>
                <height>20</height>
                <font>font10</font> <!-- FEN_21 -->
                <textcolor>FFFFFFFF</textcolor>
                <align>left</align>
                <aligny>center</aligny>
                <label>[UPPERCASE][B]$INFO[Window.Property(total_results)][/B] $ADDON[plugin.video.armaniflix 32139] [COLOR=$INFO[Window(10000).Property(fen.highlight)]]$INFO[Window.Property(filters_ignored)][/COLOR][/UPPERCASE]</label>
            </control>
        </control>
        <!-- List -->
        <control type="group">
            <control type="group">
                <animation type="WindowOpen" reversible="false">
                    <effect type="fade" start="0" end="100" time="350" tween="sine" delay="250" easing="in" />
                    <effect type="slide" start="0,-275" end="0" time="350" center="auto" delay="250" tween="quadratic" easing="out" />
                </animation>
                <control type="label">
                    <top>5</top>
                    <left>355</left>
                    <width max="1210">auto</width>
                    <height>30</height>
                    <font>font60</font> <!-- FEN_60_BOLD -->
                    <textcolor>FFCCCCCC</textcolor>
                    <align>center</align>
                    <aligny>top</aligny>
                    <label>[B]$INFO[Window.Property(title)][/B]</label>
                </control>
            </control>
            <control type="group">
                <animation type="WindowOpen" reversible="false">
                    <effect type="fade" start="0" end="100" time="400" tween="sine" delay="200" easing="in" />
                    <effect type="slide" start="-1300" end="0" time="400" center="auto" tween="quadratic" delay="200" easing="out" />
                </animation>
                <control type="fixedlist" id="2000">
                    <left>35</left>
                    <top>95</top>
                    <right>35</right>
                    <height>960</height>
                    <onup>2000</onup>
                    <ondown>2000</ondown>
                    <onleft>PageUp</onleft>
                    <onright>PageDown</onright>
                    <scrolltime tween="sine">350</scrolltime>
                    <orientation>Vertical</orientation>
                    <focusposition>3</focusposition>
                    <movement>4</movement>
                    <itemlayout height="120">
                        <control type="image">
                            <left>0</left>
                            <top>15</top>
                            <height>110</height>
                            <texture colordiffuse="99000000">common/white.png</texture>
                        </control>
                        <control type="label">
                            <top>40</top>
                            <left>20</left>
                            <right>20</right>
                            <height>12</height>
                            <font>font12</font> <!-- FEN_26 -->
                            <textcolor>FFCCCCCC</textcolor>
                            <align>left</align>
                            <aligny>center</aligny>
                            <label>[UPPERCASE][B]$INFO[ListItem.Property(count)] $INFO[ListItem.Property(name)][/B][/UPPERCASE]</label>
                            <scroll>false</scroll>
                            <visible>String.IsEmpty(ListItem.Property(perform_full_search))</visible>
                        </control>
                        <control type="label">
                            <top>85</top>
                            <left>20</left>
                            <right>20</right>
                            <height>12</height>
                            <font>font12</font> <!-- FEN_26 -->
                            <textcolor>FFCCCCCC</textcolor>
                            <align>left</align>
                            <aligny>center</aligny>
                            <scroll>false</scroll>
                            <label>$INFO[ListItem.Property(quality)] | $INFO[ListItem.Property(size_label)] | $INFO[ListItem.Property(seeders)] | [UPPERCASE]($INFO[ListItem.Property(provider)] | $INFO[ListItem.Property(source_type)] | $INFO[ListItem.Property(source_site)] | $INFO[ListItem.Property(extra_info)])[/UPPERCASE]</label>
                            <visible>String.IsEmpty(ListItem.Property(perform_full_search))</visible>
                        </control>

                        <control type="image">
                            <height max="180">auto</height>
                            <width max="180">auto</width>
                            <top>-20</top>
                            <left>-20</left>
                            <align>left</align>
                            <aligny>top</aligny>
                            <texture>common/forward_arrow.png</texture>
                            <visible>!String.IsEmpty(ListItem.Property(perform_full_search))</visible>
                        </control>
                        <control type="label">
                            <top>50</top>
                            <left>210</left>
                            <width max="860">auto</width>
                            <height>40</height>
                            <font>font14</font> <!-- FEN_33 -->
                            <textcolor>FF9c9a9b</textcolor>
                            <align>center</align>
                            <aligny>center</aligny>
                            <label>$ADDON[plugin.video.armaniflix 33023]</label>
                            <scroll>false</scroll>
                            <visible>!String.IsEmpty(ListItem.Property(perform_full_search))</visible>
                        </control>
                    </itemlayout>
                    <focusedlayout height="120">
                        <control type="group">
                            <animation type="Focus">
                                <effect type="zoom" start="100" end="102" time="100" tween="sine" easing="inout" center="650,60" />
                            </animation>
                            <control type="group">
                                <top>15</top>
                                <height>110</height>
                                <animation effect="fade" start="100" end="60" time="0" condition="!Control.HasFocus(2000)">Conditional</animation>
                                <control type="image">
                                    <texture colordiffuse="FFCCCCCC">common/white.png</texture>
                                </control>
                            </control>
                            <control type="label">
                                <top>40</top>
                                <left>20</left>
                                <right>20</right>
                                <height>12</height>
                                <font>font12</font> <!-- FEN_26 -->
                                <textcolor>FF4a4347</textcolor>
                                <align>left</align>
                                <aligny>center</aligny>
                                <label>[UPPERCASE][B]$INFO[ListItem.Property(count)] $INFO[ListItem.Property(name)][/B][/UPPERCASE]</label>
                                <scroll>false</scroll>
                                <visible>String.IsEmpty(ListItem.Property(perform_full_search))</visible>
                            </control>
                            <control type="label">
                                <top>85</top>
                                <left>20</left>
                                <right>20</right>
                                <height>12</height>
                                <font>font12</font> <!-- FEN_26 -->
                                <textcolor>FF4a4347</textcolor>
                                <align>left</align>
                                <aligny>center</aligny>
                                <scroll>false</scroll>
                                <label>$INFO[ListItem.Property(quality)] | $INFO[ListItem.Property(size_label)] | $INFO[ListItem.Property(seeders)] | [UPPERCASE]($INFO[ListItem.Property(provider)] | $INFO[ListItem.Property(source_type)] | $INFO[ListItem.Property(source_site)] | $INFO[ListItem.Property(extra_info)])[/UPPERCASE]</label>
                                <visible>String.IsEmpty(ListItem.Property(perform_full_search))</visible>
                            </control>

                            <control type="image">
                                <height max="180">auto</height>
                                <width max="180">auto</width>
                                <top>-20</top>
                                <left>-20</left>
                                <align>left</align>
                                <aligny>top</aligny>
                                <texture colordiffuse="FF4a4347">common/forward_arrow.png</texture>
                                <visible>!String.IsEmpty(ListItem.Property(perform_full_search))</visible>
                            </control>
                            <control type="label">
                                <top>50</top>
                                <left>210</left>
                                <width max="860">auto</width>
                                <height>40</height>
                                <font>font14</font> <!-- FEN_33 -->
                                <textcolor>FF4a4347</textcolor>
                                <align>center</align>
                                <aligny>center</aligny>
                                <label>$ADDON[plugin.video.armaniflix 33023]</label>
                                <visible>!String.IsEmpty(ListItem.Property(perform_full_search))</visible>
                            </control>
                        </control>
                    </focusedlayout>
                </control>
                <control type="image">
                    <left>0</left>
                    <top>0</top>
                    <width>1920</width>
                    <height>1080</height>
                    <texture>common/black.png</texture>
                    <visible>Control.HasFocus(2060)</visible>
                    <animation effect="fade" start="0" end="40" time="200" tween="sine">Visible</animation>
                </control>
                <control type="image">
                    <left>565</left>
                    <top>480</top>
                    <width>200</width>
                    <height>200</height>
                    <align>center</align>
                    <aligny>center</aligny>
                    <aspectratio>keep</aspectratio>
                    <texture colordiffuse="$INFO[Container(2000).ListItem.Property(highlight)]">$INFO[Container(2000).ListItem.Property(quality_icon)]</texture>
                    <visible>Control.HasFocus(2060)</visible>
                    <animation effect="fade" start="0" end="100" time="200" tween="sine">Visible</animation>
                </control>
            </control>
        </control>
        <control type="image" id="210">
            <description>Dummy load of Original Quality Image</description>
            <left>-1000</left>
            <top>-1000</top>
            <width>630</width>
            <aspectratio aligny="top">keep</aspectratio>
        </control>
    </controls>
</window>
