<?xml version="1.0" encoding="UTF-8"?>
<window>
	<defaultcontrol always="true">3</defaultcontrol>
	<include>Animation_DialogPopupOpenClose</include>
	<depth>DepthOSD</depth>
	<controls>
		<!-- Menu Selection: 1 - 11 rows -->
		<include condition="String.IsEqual(Window(home).Property(select_type),menu1)" content="SimpleMenu">
			<param name="height" value="210" />
			<param name="focus_position" value="0" />
			<param name="movement" value="0" />
		</include>
		<include condition="String.IsEqual(Window(home).Property(select_type),menu2)" content="SimpleMenu">
			<param name="height" value="280" />
			<param name="focus_position" value="0" />
			<param name="movement" value="1" />
		</include>
		<include condition="String.IsEqual(Window(home).Property(select_type),menu3)" content="SimpleMenu">
			<param name="height" value="350" />
			<param name="focus_position" value="1" />
			<param name="movement" value="1" />
		</include>
		<include condition="String.IsEqual(Window(home).Property(select_type),menu4)" content="SimpleMenu">
			<param name="height" value="420" />
			<param name="focus_position" value="1" />
			<param name="movement" value="2" />
		</include>
		<include condition="String.IsEqual(Window(home).Property(select_type),menu5)" content="SimpleMenu">
			<param name="height" value="490" />
			<param name="focus_position" value="2" />
			<param name="movement" value="2" />
		</include>
		<include condition="String.IsEqual(Window(home).Property(select_type),menu6)" content="SimpleMenu">
			<param name="height" value="560" />
			<param name="focus_position" value="2" />
			<param name="movement" value="3" />
		</include>
		<include condition="String.IsEqual(Window(home).Property(select_type),menu7)" content="SimpleMenu">
			<param name="height" value="630" />
			<param name="focus_position" value="3" />
			<param name="movement" value="3" />
		</include>
		<include condition="String.IsEqual(Window(home).Property(select_type),menu8)" content="SimpleMenu">
			<param name="height" value="700" />
			<param name="focus_position" value="3" />
			<param name="movement" value="4" />
		</include>
		<include condition="String.IsEqual(Window(home).Property(select_type),menu9)" content="SimpleMenu">
			<param name="height" value="770" />
			<param name="focus_position" value="4" />
			<param name="movement" value="4" />
		</include>
		<include condition="String.IsEqual(Window(home).Property(select_type),menu10)" content="SimpleMenu">
			<param name="height" value="840" />
			<param name="focus_position" value="4" />
			<param name="movement" value="5" />
		</include>
		<include condition="String.IsEqual(Window(home).Property(select_type),menu11)" content="SimpleMenu">
			<param name="height" value="910" />
			<param name="focus_position" value="5" />
			<param name="movement" value="5" />
		</include>

		<!-- Detail Menu Selection -->
		<include condition="String.IsEqual(Window(home).Property(select_type),detail2)" content="DetailMenu">
			<param name="height" value="280" />
		</include>
		<include condition="String.IsEqual(Window(home).Property(select_type),detail3)" content="DetailMenu">
			<param name="height" value="350" />
		</include>
		<include condition="String.IsEqual(Window(home).Property(select_type),detail4)" content="DetailMenu">
			<param name="height" value="420" />
		</include>
		<include condition="String.IsEqual(Window(home).Property(select_type),detail5)" content="DetailMenu">
			<param name="height" value="490" />
		</include>
		<include condition="String.IsEqual(Window(home).Property(select_type),detail6)" content="DetailMenu">
			<param name="height" value="560" />
		</include>
		<include condition="String.IsEqual(Window(home).Property(select_type),detail7)" content="DetailMenu">
			<param name="height" value="630" />
		</include>
		<include condition="String.IsEqual(Window(home).Property(select_type),detail8)" content="DetailMenu">
			<param name="height" value="700" />
		</include>
		<include condition="String.IsEqual(Window(home).Property(select_type),detail9)" content="DetailMenu">
			<param name="height" value="770" />
		</include>
		<include condition="String.IsEqual(Window(home).Property(select_type),detail10)" content="DetailMenu">
			<param name="height" value="840" />
		</include>
		<include condition="String.IsEqual(Window(home).Property(select_type),detail11)" content="DetailMenu">
			<param name="height" value="910" />
		</include>

		<!-- Double Line Selection: 1 - 8 rows -->
		<include condition="String.IsEqual(Window(home).Property(select_type),double1)" content="DoubleLineSelectLayout">
			<param name="width" value="910" />
			<param name="height" value="210" />
		</include>
		<include condition="String.IsEqual(Window(home).Property(select_type),double2)" content="DoubleLineSelectLayout">
			<param name="width" value="910" />
			<param name="height" value="310" />
		</include>
		<include condition="String.IsEqual(Window(home).Property(select_type),double3)" content="DoubleLineSelectLayout">
			<param name="width" value="910" />
			<param name="height" value="410" />
		</include>
		<include condition="String.IsEqual(Window(home).Property(select_type),double4)" content="DoubleLineSelectLayout">
			<param name="width" value="910" />
			<param name="height" value="510" />
		</include>
		<include condition="String.IsEqual(Window(home).Property(select_type),double5)" content="DoubleLineSelectLayout">
			<param name="width" value="910" />
			<param name="height" value="610" />
		</include>
		<include condition="String.IsEqual(Window(home).Property(select_type),double6)" content="DoubleLineSelectLayout">
			<param name="width" value="910" />
			<param name="height" value="710" />
		</include>
		<include condition="String.IsEqual(Window(home).Property(select_type),double7)" content="DoubleLineSelectLayout">
			<param name="width" value="910" />
			<param name="height" value="810" />
		</include>
		<include condition="String.IsEqual(Window(home).Property(select_type),double8)" content="DoubleLineSelectLayout">
			<param name="width" value="910" />
			<param name="height" value="910" />
		</include>

		<!-- Small Number: 5x1 -->
		<include condition="String.IsEqual(Window(home).Property(select_type),small_num1)" content="ColumnSimpleSelectLayout">
			<param name="col_width" value="100" />
			<param name="width" value="500" />
			<param name="height" value="150" />
		</include>
		<!-- Small Number: 5x2 -->
		<include condition="String.IsEqual(Window(home).Property(select_type),small_num2)" content="ColumnSimpleSelectLayout">
			<param name="col_width" value="100" />
			<param name="width" value="500" />
			<param name="height" value="210" />
		</include>
		<!-- Small Number: 5x3 -->
		<include condition="String.IsEqual(Window(home).Property(select_type),small_num3)" content="ColumnSimpleSelectLayout">
			<param name="col_width" value="100" />
			<param name="width" value="500" />
			<param name="height" value="270" />
		</include>

		<!-- Alpha: 1 row -->
		<include condition="String.IsEqual(Window(home).Property(select_type),alpha1)" content="ColumnSimpleSelectLayout">
			<param name="col_width" value="90" />
			<param name="width" value="540" />
			<param name="height" value="150" />
		</include>
		<!-- Alpha: 2 rows -->
		<include condition="String.IsEqual(Window(home).Property(select_type),alpha2)" content="ColumnSimpleSelectLayout">
			<param name="col_width" value="90" />
			<param name="width" value="540" />
			<param name="height" value="210" />
		</include>
		<!-- Alpha: 3 rows -->
		<include condition="String.IsEqual(Window(home).Property(select_type),alpha3)" content="ColumnSimpleSelectLayout">
			<param name="col_width" value="90" />
			<param name="width" value="540" />
			<param name="height" value="270" />
		</include>
		<!-- Alpha: 4 rows -->
		<include condition="String.IsEqual(Window(home).Property(select_type),alpha4)" content="ColumnSimpleSelectLayout">
			<param name="col_width" value="90" />
			<param name="width" value="540" />
			<param name="height" value="330" />
		</include>
		<!-- Alpha: 5 rows -->
		<include condition="String.IsEqual(Window(home).Property(select_type),alpha5)" content="ColumnSimpleSelectLayout">
			<param name="col_width" value="90" />
			<param name="width" value="540" />
			<param name="height" value="390" />
		</include>

		<!-- Decades: 1 row -->
		<include condition="String.IsEqual(Window(home).Property(select_type),decades1)" content="ColumnSimpleSelectLayout">
			<param name="col_width" value="150" />
			<param name="width" value="600" />
			<param name="height" value="150" />
		</include>
		<!-- Decades: 2 rows -->
		<include condition="String.IsEqual(Window(home).Property(select_type),decades2)" content="ColumnSimpleSelectLayout">
			<param name="col_width" value="150" />
			<param name="width" value="600" />
			<param name="height" value="210" />
		</include>
		<!-- Decades: 3 rows -->
		<include condition="String.IsEqual(Window(home).Property(select_type),decades3)" content="ColumnSimpleSelectLayout">
			<param name="col_width" value="150" />
			<param name="width" value="600" />
			<param name="height" value="270" />
		</include>
		<!-- Decades: 4 rows -->
		<include condition="String.IsEqual(Window(home).Property(select_type),decades4)" content="ColumnSimpleSelectLayout">
			<param name="col_width" value="150" />
			<param name="width" value="600" />
			<param name="height" value="330" />
		</include>

		<!-- Genres: 4x1 -->
		<include condition="String.IsEqual(Window(home).Property(select_type),genres1)" content="ColumnSimpleSelectLayout">
			<param name="col_width" value="300" />
			<param name="width" value="1200" />
			<param name="height" value="150" />
		</include>
		<!-- Genres: 4x2 -->
		<include condition="String.IsEqual(Window(home).Property(select_type),genres2)" content="ColumnSimpleSelectLayout">
			<param name="col_width" value="300" />
			<param name="width" value="1200" />
			<param name="height" value="210" />
		</include>
		<!-- Genres: 4x3 -->
		<include condition="String.IsEqual(Window(home).Property(select_type),genres3)" content="ColumnSimpleSelectLayout">
			<param name="col_width" value="300" />
			<param name="width" value="1200" />
			<param name="height" value="270" />
		</include>
		<!-- Genres: 4x4 -->
		<include condition="String.IsEqual(Window(home).Property(select_type),genres4)" content="ColumnSimpleSelectLayout">
			<param name="col_width" value="300" />
			<param name="width" value="1200" />
			<param name="height" value="330" />
		</include>
		<!-- Genres: 4x5 -->
		<include condition="String.IsEqual(Window(home).Property(select_type),genres5)" content="ColumnSimpleSelectLayout">
			<param name="col_width" value="300" />
			<param name="width" value="1200" />
			<param name="height" value="390" />
		</include>
		<!-- Genres: 4x6 -->
		<include condition="String.IsEqual(Window(home).Property(select_type),genres6)" content="ColumnSimpleSelectLayout">
			<param name="col_width" value="300" />
			<param name="width" value="1200" />
			<param name="height" value="450" />
		</include>
		<!-- Genres: 4x7 -->
		<include condition="String.IsEqual(Window(home).Property(select_type),genres7)" content="ColumnSimpleSelectLayout">
			<param name="col_width" value="300" />
			<param name="width" value="1200" />
			<param name="height" value="510" />
		</include>
		<!-- Genres: 4x8 -->
		<include condition="String.IsEqual(Window(home).Property(select_type),genres8)" content="ColumnSimpleSelectLayout">
			<param name="col_width" value="300" />
			<param name="width" value="1200" />
			<param name="height" value="570" />
		</include>

		<include condition="String.IsEqual(Window(home).Property(select_type),years)" content="ColumnSimpleSelectLayout">
			<param name="col_width" value="120" />
			<param name="width" value="1200" />
			<param name="height" value="870" />
			<param name="orientation" value="vertical" />
		</include>
		<include condition="String.IsEqual(Window(home).Property(select_type),ratings)" content="ColumnSimpleSelectLayout">
			<param name="col_width" value="100" />
			<param name="width" value="1000" />
			<param name="height" value="270" />
		</include>

		<include condition="String.IsEqual(Window(home).Property(select_type),playlist_content)">PlaylistContentLayout</include>
		<include condition="String.IsEqual(Window(home).Property(select_type),detail_menu)">DetailMenuLayout</include>

		<include condition="String.IsEqual(Window(home).Property(select_type),info_select)">InfoSelectLayout</include>


		<include condition="String.IsEqual(Window(home).Property(select_type),meta_edit)" content="DetailMenuLayout">
			<param name="height" value="560" />
			<param name="label1_width" value="20%" />
			<param name="label2_width" value="75%" />
		</include>

		<include condition="String.IsEmpty(Window(home).Property(select_type)) + ![Window.IsActive(gamesaves) | Window.IsActive(gamestretchmode) | Window.IsActive(gamevideofilter) | Window.IsActive(gamevideorotation) | Window.IsActive(ingamesaves)]">DefaultDialogSelectLayout</include>
		<include condition="Window.IsActive(gamesaves)">GameDialogSelectSaveLayout</include>
		<include condition="Window.IsActive(gamevideofilter)">GameDialogSelectFilterLayout</include>
		<include condition="Window.IsActive(gamestretchmode)">GameDialogSelectViewLayout</include>
		<include condition="Window.IsActive(gamevideorotation)">GameDialogSelectViewLayout</include>
		<include condition="Window.IsActive(ingamesaves)">GameDialogSelectSaveInGameLayout</include>
	</controls>
</window>
