<?xml version="1.0" encoding="UTF-8"?>
<window>
	<defaultcontrol always="true">500</defaultcontrol>
	<controls>
		<control type="image">
            <depth>DepthBackground</depth>
            <include>FullScreenDimensions</include>
            <aspectratio>scale</aspectratio>
            <texture colordiffuse="primary_background">special://skin/extras/backgrounds/primary.jpg</texture>
        </control>
		<control type="group">
			<centertop>50%</centertop>
			<right>1000</right>
			<width>500</width>
			<height>310</height>
			<control type="image">
				<description>Content Panel</description>
                <texture colordiffuse="EDFFFFFF">lists/panel.png</texture>
            </control>
			<control type="group">
				<left>10</left>
				<right>10</right>
				<top>10</top>
				<bottom>10</bottom>
				<control type="group">
					<description>Logo</description>
					<control type="label">
						<align>center</align>
						<font>font_Logo</font>
						<color>white</color>
						<label>$LOCALIZE[31990]</label>
					</control>
					<control type="label">
						<top>74</top>
						<align>center</align>
						<font>font34</font>
						<color>white</color>
						<label>[B]$LOCALIZE[31991][/B]</label>
					</control>
				</control>
				<control type="group">
					<description>Buttons</description>
					<top>130</top>
					<bottom>0</bottom>
					<control type="list" id="500">
						<orientation>vertical</orientation>
						<scrolltime tween="cubic" easing="out">500</scrolltime>
						<focusedlayout height="80">
							<control type="image">
								<left>0</left>
								<top>0</top>
								<height>80</height>
								<texture colordiffuse="button_focus">lists/focus.png</texture>
							</control>
							<control type="label">
								<left>85</left>
								<right>85</right>
								<top>0</top>
								<height>80</height>
								<align>center</align>
								<aligny>center</aligny>
								<font>font_list</font>
								<textcolor>white</textcolor>
								<label>$INFO[ListItem.Label]</label>
								<shadowcolor>text_shadow</shadowcolor>
							</control>
						</focusedlayout>
						<itemlayout height="80">
							<control type="label">
								<left>85</left>
								<right>85</right>
								<top>0</top>
								<height>80</height>
								<align>center</align>
								<aligny>center</aligny>
								<font>font_list</font>
								<textcolor>lightgrey</textcolor>
								<label>$INFO[ListItem.Label]</label>
								<shadowcolor>text_shadow</shadowcolor>
							</control>
						</itemlayout>
						<content>
							<item>
								<label>Sign In</label>
								<onclick>RunPlugin(plugin://plugin.video.armaniflix/?mode=armani_users&amp;action=startup&amp;master_user=$INFO[Container(52).ListItem.Label])</onclick>
							</item>
							<item>
								<label>Exit</label>
								<onclick>Quit()</onclick>
							</item>
						</content>
					</control>
				</control>
			</control>


		</control>

		<control type="group">
			<visible>False</visible>
			<include>Animation_BottomSlide</include>
			<control type="fixedlist" id="52">
				<left>0</left>
				<right>0</right>
				<top>400</top>
				<height>300</height>
				<onleft>52</onleft>
				<onright>52</onright>
				<onup>20</onup>
				<ondown>20</ondown>
				<focusposition>2</focusposition>
				<orientation>horizontal</orientation>
				<scrolltime tween="cubic" easing="out">500</scrolltime>
				<itemlayout width="384" height="300">
					<control type="image">
						<centerleft>50%</centerleft>
						<top>20</top>
						<height>200</height>
						<width>200</width>
						<texture diffuse="icons/profiles/profile-diffuse.png">$INFO[ListItem.Icon]</texture>
						<aspectratio scalediffuse="false">scale</aspectratio>
					</control>
					<control type="textbox">
						<left>60</left>
						<right>60</right>
						<top>220</top>
						<height>80</height>
						<label>$INFO[ListItem.label]</label>
						<font>font27</font>
						<align>center</align>
						<aligny>center</aligny>
						<textcolor>99FFFFFF</textcolor>
					</control>
				</itemlayout>
				<focusedlayout width="384" height="300">
					<control type="image">
						<left>30</left>
						<top>-20</top>
						<right>30</right>
						<bottom>-20</bottom>
						<texture border="30" colordiffuse="button_focus">buttons/dialogbutton-fo.png</texture>
						<visible>Control.HasFocus(52)</visible>
						<animation reversible="false" effect="fade" start="20" end="75" time="200">Focus</animation>
					</control>
					<control type="image">
						<centerleft>50%</centerleft>
						<top>20</top>
						<height>200</height>
						<width>200</width>
						<texture diffuse="icons/profiles/profile-diffuse.png">$INFO[ListItem.Icon]</texture>
						<aspectratio scalediffuse="false">scale</aspectratio>
					</control>
					<control type="textbox">
						<left>60</left>
						<right>60</right>
						<top>220</top>
						<height>80</height>
						<label>[B]$INFO[ListItem.label][/B]</label>
						<font>font27</font>
						<align>center</align>
						<aligny>center</aligny>
					</control>
				</focusedlayout>
			</control>
			<control type="label">
				<left>0</left>
				<right>0</right>
				<top>720</top>
				<height>45</height>
				<font>font40</font>
				<textcolor>FFFFFFFF</textcolor>
				<align>center</align>
				<aligny>center</aligny>
				<label>$INFO[ListItem.label2]</label>
			</control>
			<control type="button" id="20">
				<centerleft>50%</centerleft>
				<bottom>20</bottom>
				<width>500</width>
				<height>130</height>
				<label>$LOCALIZE[31995]</label>
				<font>font12</font>
				<align>center</align>
				<onclick>Quit()</onclick>
				<onleft>52</onleft>
				<onright>52</onright>
				<onup>52</onup>
				<ondown>52</ondown>
				<texturefocus border="40" colordiffuse="button_focus">buttons/dialogbutton-fo.png</texturefocus>
				<texturenofocus border="40">buttons/dialogbutton-nofo.png</texturenofocus>
			</control>
		</control>
		<include>TopBar</include>
	</controls>
</window>
