<?xml version="1.0" encoding="UTF-8"?>
<window>
    <controls>
        <control type="image">
            <left>0</left>
            <top>0</top>
            <width>1920</width>
            <height>1080</height>
            <texture>common/black.png</texture>
            <animation type="WindowOpen" reversible="false">
                <effect type="fade" start="0" end="80" time="200" tween="sine" easing="in" />
            </animation>
        </control>
        <control type="group">
            <left>310</left>
            <top>100</top>
            <animation type="WindowOpen" reversible="false">
                <effect type="zoom" start="50" end="100" time="200" center="910,440" tween="quadratic" easing="out" />
            </animation>
            <control type="group">
                <top>40</top>
                <width>1300</width>
                <control type="image">
                    <height>805</height>
                    <texture colordiffuse="FF302F2F">common/white.png</texture>
                </control>
								<control type = "group">
									<height>70</height>
									<control type="image">
											<texture colordiffuse="FF000000">common/white.png</texture>
									</control>
									<control type="label">
											<width max="1100">auto</width>
											<top>10</top>
											<left>110</left>
											<font>font12</font> <!-- FEN_26 -->
											<textcolor>FFCCCCCC</textcolor>
											<align>center</align>
											<label>[UPPERCASE][B]$INFO[Window().Property(heading)][/B][/UPPERCASE]</label>
									</control>
								</control>
            </control>
            <control type="fixedlist" id="2025">
                <animation effect="slide" end="0,-270" time="0" condition="Integer.IsEqual(Container(2025).NumItems,1) | Integer.IsEqual(Container(2025).NumItems,2)">Conditional</animation>
                <animation effect="slide" end="0,-180" time="0" condition="Integer.IsEqual(Container(2025).NumItems,3) | Integer.IsEqual(Container(2025).NumItems,4)">Conditional</animation>
                <animation effect="slide" end="0,-90" time="0" condition="Integer.IsEqual(Container(2025).NumItems,5) | Integer.IsEqual(Container(2025).NumItems,6)">Conditional</animation>
                <left>0</left>
                <top>110</top>
                <width>700</width>
                <height>715</height>
                <onup>2025</onup>
                <ondown>2025</ondown>
								<onleft>PageUp</onleft>
                <onright>PageDown</onright>
                <scrolltime tween="sine">200</scrolltime>
                <orientation>Vertical</orientation>
                <focusposition>3</focusposition>
                <movement>4</movement>
                <scrolltime tween="sine">200</scrolltime>
                <itemlayout height="90" width="700">
                    <control type="label">
                        <description>Only Line1</description>
                        <visible>String.IsEqual(Window().Property(multi_line),false)</visible>
                        <width max="640">auto</width>
                        <left>40</left>
                        <top>45</top>
                        <height>5</height>
                        <font>font12</font> <!-- FEN_26 -->
                        <textcolor>FFCCCCCC</textcolor>
                        <aligny>center</aligny>
                        <label>[UPPERCASE]$INFO[ListItem.Property(line1)][/UPPERCASE]</label>
                    </control>
                    <control type="group">
                        <description>Line1 and Line2</description>
                        <visible>String.IsEqual(Window().Property(multi_line),true)</visible>
                        <width max="640">auto</width>
                        <left>40</left>
                        <control type="label">
                            <top>25</top>
                            <height>5</height>
                            <font>font12</font> <!-- FEN_26 -->
                            <textcolor>FFCCCCCC</textcolor>
                            <aligny>center</aligny>
                            <label>[UPPERCASE][B]$INFO[ListItem.Property(line1)][/B][/UPPERCASE]</label>
                        </control>
                        <control type="label">
                            <top>60</top>
                            <height>5</height>
                            <font>font12</font> <!-- FEN_26 -->
                            <textcolor>FFA9A8A8</textcolor>
                            <aligny>center</aligny>
                            <label>[UPPERCASE][I]$INFO[ListItem.Property(line2)][/I][/UPPERCASE]</label>
                        </control>
                    </control>
                    <control type="image">
                        <top>0</top>
                        <left>3</left>
                        <width>25</width>
                        <align>left</align>
                        <aligny>center</aligny>
                        <aspectratio>keep</aspectratio>
                        <texture>common/overlay_selected.png</texture>
                        <visible>!String.IsEmpty(ListItem.Property(check_status))</visible>
                    </control>
                </itemlayout>
                <focusedlayout height="90" width="700">
                    <control type="image">
                        <width>1200</width>
                        <height>90</height>
                        <aligny>top</aligny>
                        <texture colordiffuse="FFCCCCCC">common/white.png</texture>
                        <animation effect="fade" start="100" end="50" time="0" condition="!Control.HasFocus(2025)">Conditional</animation>
                    </control>
                    <control type="image">
                        <width>30</width>
                        <height>90</height>
                        <aligny>top</aligny>
                        <texture colordiffuse="$INFO[Window(10000).Property(fen.highlight)]">common/white.png</texture>
                        <animation effect="fade" start="100" end="50" time="0" condition="!Control.HasFocus(2025)">Conditional</animation>
                    </control>
                    <control type="label">
                        <description>Only Line1</description>
                        <visible>String.IsEqual(Window().Property(multi_line),false)</visible>
                        <left>40</left>
                        <top>45</top>
                        <height>5</height>
                        <width max="640">auto</width>
                        <font>font12</font> <!-- FEN_26 -->
                        <textcolor>FF4a4347</textcolor>
                        <aligny>center</aligny>
                        <label>[UPPERCASE]$INFO[ListItem.Property(line1)][/UPPERCASE]</label>
                    </control>
                    <control type="group">
                        <description>Line1 and Line2</description>
                        <visible>String.IsEqual(Window().Property(multi_line),true)</visible>
                        <width max="640">auto</width>
                        <left>40</left>
                        <control type="label">
                            <top>25</top>
                            <height>5</height>
                            <font>font12</font> <!-- FEN_26 -->
                            <textcolor>FF4a4347</textcolor>
                            <aligny>center</aligny>
                            <label>[UPPERCASE][B]$INFO[ListItem.Property(line1)][/B][/UPPERCASE]</label>
                        </control>
                        <control type="label">
                            <top>60</top>
                            <height>5</height>
                            <font>font12</font> <!-- FEN_26 -->
                            <textcolor>FF5B5B5B</textcolor>
                            <aligny>center</aligny>
                            <label>[UPPERCASE][I]$INFO[ListItem.Property(line2)][/I][/UPPERCASE]</label>
                        </control>
                    </control>
                    <control type="image">
                        <top>0</top>
                        <left>3</left>
                        <width>25</width>
                        <align>left</align>
                        <aligny>center</aligny>
                        <aspectratio>keep</aspectratio>
                        <texture>common/overlay_selected.png</texture>
                        <visible>!String.IsEmpty(ListItem.Property(check_status))</visible>
                    </control>
                </focusedlayout>
            </control>
						<control type="group">
                <visible>!String.IsEqual(Window().Property(multi_choice),true)</visible>
                <top>110</top>
                <left>700</left>
								<width>600</width>
								<height>735</height>
								<control type="image">
									<texture colordiffuse="55000000">common/white.png</texture>
								</control>
                <control type="textbox">
									<left>30</left>
									<right>30</right>
									<top>20</top>
									<bottom>30</bottom>
									<label>$INFO[Container(2025).ListItem.Property(info)]</label>
									<font>font14</font> <!-- FEN_33 -->
									<textcolor>FFB7B4BB</textcolor>
									<align>left</align>
                </control>
            </control>
            <control type="group">
                <visible>String.IsEqual(Window().Property(multi_choice),true)</visible>
                <top>105</top>
                <left>850</left>
                <control type="button" id="10">
                    <description>True</description>
                    <width>340</width>
                    <height>85</height>
                    <onup>11</onup>
                    <ondown>11</ondown>
                    <onleft>2025</onleft>
                    <onright>2025</onright>
                    <label>[B]$ADDON[plugin.video.armaniflix 32839][/B]</label>
                    <font>font14</font> <!-- FEN_33 -->
                    <textcolor>FFB7B4BB</textcolor>
                    <focusedcolor>$INFO[Window(10000).Property(fen.highlight)]</focusedcolor>
                    <texturefocus colordiffuse="FFCCCCCC">common/white.png</texturefocus>
                    <texturenofocus colordiffuse="FF4a4347">common/white.png</texturenofocus>
                    <align>center</align>
                </control>
                <control type="button" id="11">
                    <description>False</description>
                    <top>105</top>
                    <width>340</width>
                    <height>85</height>
                    <onup>10</onup>
                    <ondown>10</ondown>
                    <onleft>2025</onleft>
                    <onright>2025</onright>
                    <label>[B]$ADDON[plugin.video.armaniflix 32840][/B]</label>
                    <font>font14</font> <!-- FEN_33 -->
                    <textcolor>FFB7B4BB</textcolor>
                    <focusedcolor>$INFO[Window(10000).Property(fen.highlight)]</focusedcolor>
                    <texturefocus colordiffuse="FFCCCCCC">common/white.png</texturefocus>
                    <texturenofocus colordiffuse="FF4a4347">common/white.png</texturenofocus>
                    <align>center</align>
                </control>
            </control>
        </control>
    </controls>
</window>
