<addon id="plugin.video.armaniflix" name="ArmaniFlix Video Plugin" provider-name="Sisyphus Sam" version="0.5.0">
    <requires>
        <import addon="xbmc.python" version="3.0.0" />
        <import addon="script.module.requests" version="2.19.1" />
        <import addon="script.module.cocoscrapers" version="0.0.1" />
    </requires>
    <extension library="resources/lib/fen.py" point="xbmc.python.pluginsource">
        <provides>video</provides>
    </extension>
    <extension library="resources/lib/service.py" point="xbmc.service" />
    <extension library="resources/lib/" point="xbmc.python.module" />
    <extension point="kodi.context.item">
        <menu id="kodi.core.main">
            <item library="resources/contextmenu/refresh_widgets.py">
                <label>40001</label>
                <visible>String.IsEqual(ListItem.Property(fen.widget),true) + !String.StartsWith(Window(home).Property(fen.kodi_version),20)</visible>
            </item>
            <item library="resources/contextmenu/mark_watched.py">
                <label>40003</label>
                <visible>[String.IsEqual(ListItem.dbtype,movie) | String.IsEqual(ListItem.dbtype,episode)] + String.IsEqual(ListItem.Property(fen.widget),true) + String.IsEqual(ListItem.Property(fen.playcount),0) + !String.StartsWith(Window(home).Property(fen.kodi_version),20)</visible>
            </item>
            <item library="resources/contextmenu/mark_unwatched.py">
                <label>40004</label>
                <visible>[String.IsEqual(ListItem.dbtype,movie) | String.IsEqual(ListItem.dbtype,episode)] + String.IsEqual(ListItem.Property(fen.widget),true) + String.IsEqual(ListItem.Property(fen.playcount),1) + !String.StartsWith(Window(home).Property(fen.kodi_version),20)</visible>
            </item>
            <item library="resources/contextmenu/clear_progress.py">
                <label>40009</label>
                <visible>[String.IsEqual(ListItem.dbtype,movie) | String.IsEqual(ListItem.dbtype,episode)] + String.IsEqual(ListItem.Property(fen.widget),true) + String.IsEqual(ListItem.Property(fen.in_progress),true) + !String.StartsWith(Window(home).Property(fen.kodi_version),20)</visible>
            </item>
        </menu>
    </extension>
    <extension point="xbmc.addon.metadata">
        <reuselanguageinvoker>true</reuselanguageinvoker>
        <summary lang="en">Video add-on for ArmaniFlix</summary>
        <description lang="en">A fork of Fen, this add-on is for streaming from premium sources such as Real-Debrid.</description>
        <platform>all</platform>
        <license>GNU GENERAL PUBLIC LICENSE. Version 3, 29 June 2007</license>
        <assets>
            <icon>resources/media/fen_icon.png</icon>
            <fanart>resources/media/fen_fanart.png</fanart>
            <clearlogo>resources/media/fen_clearlogo.png</clearlogo>
        </assets>
    </extension>
</addon>