<?xml version="1.0" encoding="UTF-8"?>
<includes>
	<include name="DefaultDialogSelectLayout">
		<control type="group">
			<centertop>50%</centertop>
			<centerleft>50%</centerleft>
			<height>1000</height>
			<width>900</width>
			<include content="DialogBackgroundCommons">
				<param name="width" value="900" />
				<param name="height" value="1000" />
				<param name="header_label" value="" />
				<param name="header_id" value="1" />
			</include>
			<control type="image">
				<left>0</left>
				<top>80</top>
				<right>0</right>
				<bottom>80</bottom>
				<texture border="40">buttons/dialogbutton-nofo.png</texture>
			</control>
			<control type="list" id="3">
				<left>20</left>
				<right>20</right>
				<top>100</top>
				<bottom>100</bottom>
				<onup>9001</onup>
				<ondown>9001</ondown>
				<onleft>PageUp</onleft>
				<onright>PageDown</onright>
				<scrolltime>200</scrolltime>
				<include content="DefaultSimpleListLayout">
					<param name="width" value="880" />
					<param name="list_id" value="3" />
					<param name="fontcolor" value="white" />
				</include>
			</control>
			<control type="list" id="6">
				<left>20</left>
				<right>20</right>
				<top>100</top>
				<bottom>100</bottom>
				<onup>9001</onup>
				<ondown>9001</ondown>
				<onleft>PageUp</onleft>
				<onright>PageDown</onright>
				<scrolltime>200</scrolltime>
				<itemlayout height="100" width="880">
					<control type="label">
						<left>20</left>
						<top>5</top>
						<right>20</right>
						<height>40</height>
						<font>font14</font>
						<aligny>center</aligny>
						<label>$INFO[ListItem.Label]</label>
					</control>
					<control type="label">
						<left>20</left>
						<bottom>15</bottom>
						<right>20</right>
						<height>40</height>
						<font>font12</font>
						<textcolor>grey</textcolor>
						<label>$INFO[ListItem.Label2]</label>
					</control>
				</itemlayout>
				<focusedlayout height="100" width="880">
					<control type="image">
						<left>0</left>
						<top>0</top>
						<right>0</right>
						<bottom>0</bottom>
						<texture colordiffuse="button_focus">lists/focus.png</texture>
						<visible>Control.HasFocus(6)</visible>
					</control>
					<control type="label">
						<left>20</left>
						<top>5</top>
						<right>20</right>
						<height>40</height>
						<aligny>center</aligny>
						<scroll>true</scroll>
						<font>font14</font>
						<label>$INFO[ListItem.Label]</label>
					</control>
					<control type="label">
						<left>20</left>
						<bottom>15</bottom>
						<right>20</right>
						<height>40</height>
						<font>font12</font>
						<label>$INFO[ListItem.Label2]</label>
					</control>
				</focusedlayout>
			</control>
			<control type="group">
				<left>20</left>
				<right>20</right>
				<bottom>0</bottom>
				<height>100</height>
				<control type="textbox">
					<visible>!String.IsEmpty(Container(6).ListItem.Property(description))</visible>
					<width>700</width>
					<textcolor>lightyellow</textcolor>
					<font>font37</font>
					<align>left</align>
					<aligny>center</aligny>
					<label>$INFO[Container(6).ListItem.Property(description)]</label>
				</control>
				<control type="label">
					<right>0</right>
					<width>150</width>
					<font>font40</font>
					<align>right</align>
					<aligny>center</aligny>
					<textcolor>grey</textcolor>
					<label>$VAR[SelectLabel]</label>
				</control>
			</control>

			<control type="grouplist" id="9001">
				<left>0</left>
				<right>0</right>
				<height>100</height>
				<bottom>0</bottom>
				<onup>SetFocus(3,99,Absolute)</onup>
				<itemgap>-15</itemgap>
				<orientation>horizontal</orientation>
				<ondown>3</ondown>
				<include content="DefaultDialogButton">
					<param name="id" value="5" />
					<param name="label" value="" />
				</include>
				<include content="DefaultDialogButton">
					<param name="id" value="8" />
					<param name="label" value="" />
				</include>
				<!--<include content="DefaultDialogButton">
					<param name="id" value="7" />
					<param name="label" value="$LOCALIZE[222]" />
				</include>-->
			</control>
		</control>
	</include>
	<include name="GameDialogSelectSaveLayout">
		<control type="group">
			<centertop>50%</centertop>
			<centerleft>50%</centerleft>
			<height>750</height>
			<width>1220</width>
			<include content="DialogBackgroundCommons">
				<param name="width" value="1220" />
				<param name="height" value="780" />
				<param name="header_label" value="" />
				<param name="header_id" value="1" />
			</include>
			<control type="image">
				<left>0</left>
				<top>80</top>
				<width>920</width>
				<bottom>2</bottom>
				<texture border="40">buttons/dialogbutton-nofo.png</texture>
			</control>
			<control type="list" id="3">
				<left>20</left>
				<top>100</top>
				<width>880</width>
				<bottom>20</bottom>
				<onup>3</onup>
				<ondown>3</ondown>
				<onleft>9001</onleft>
				<onright>61</onright>
				<pagecontrol>61</pagecontrol>
				<scrolltime>200</scrolltime>
				<include content="DefaultSimpleListLayout">
					<param name="width" value="880" />
					<param name="list_id" value="3" />
				</include>
			</control>
			<control type="panel" id="6">
				<left>40</left>
				<top>100</top>
				<width>880</width>
				<bottom>20</bottom>
				<onup>6</onup>
				<ondown>6</ondown>
				<onleft>9001</onleft>
				<onright>61</onright>
				<pagecontrol>61</pagecontrol>
				<scrolltime>200</scrolltime>
				<itemlayout height="300" width="420">
					<control type="image">
						<left>10</left>
						<top>7</top>
						<width>400</width>
						<height>220</height>
						<texture>$INFO[ListItem.Icon]</texture>
						<aspectratio>keep</aspectratio>
					</control>
					<control type="label">
						<left>0</left>
						<top>240</top>
						<right>20</right>
						<height>20</height>
						<font>font14</font>
						<align>center</align>
						<aligny>center</aligny>
						<label>$INFO[ListItem.Label]</label>
					</control>
					<control type="textbox">
						<left>0</left>
						<top>260</top>
						<right>20</right>
						<height>40</height>
						<font>font10</font>
						<align>center</align>
						<aligny>center</aligny>
						<textcolor>grey</textcolor>
						<label>$INFO[ListItem.Label2]</label>
					</control>
				</itemlayout>
				<focusedlayout height="300" width="420">
					<control type="image">
						<left>0</left>
						<top>0</top>
						<right>0</right>
						<bottom>0</bottom>
						<texture colordiffuse="button_focus">lists/focus.png</texture>
						<visible>Control.HasFocus(6)</visible>
					</control>
					<control type="image">
						<left>10</left>
						<top>7</top>
						<width>400</width>
						<height>220</height>
						<texture>$INFO[ListItem.Icon]</texture>
						<aspectratio>keep</aspectratio>
					</control>
					<control type="label">
						<left>0</left>
						<top>240</top>
						<right>20</right>
						<height>20</height>
						<align>center</align>
						<aligny>center</aligny>
						<scroll>true</scroll>
						<font>font14</font>
						<label>$INFO[ListItem.Label]</label>
					</control>
					<control type="textbox">
						<left>0</left>
						<top>260</top>
						<right>20</right>
						<height>40</height>
						<font>font10</font>
						<align>center</align>
						<aligny>center</aligny>
						<label>$INFO[ListItem.Label2]</label>
					</control>
				</focusedlayout>
			</control>
			<control type="scrollbar" id="61">
				<left>910</left>
				<top>100</top>
				<width>12</width>
				<bottom>20</bottom>
				<onleft condition="Control.IsVisible(3)">3</onleft>
				<onleft condition="Control.IsVisible(6)">6</onleft>
				<onright>9001</onright>
				<orientation>vertical</orientation>
			</control>
			<control type="label">
				<left>925</left>
				<bottom>10</bottom>
				<width>275</width>
				<height>35</height>
				<font>font12</font>
				<align>right</align>
				<textcolor>grey</textcolor>
				<label>$VAR[SelectLabel]</label>
			</control>
			<control type="grouplist" id="9001">
				<left>920</left>
				<top>80</top>
				<onleft>61</onleft>
				<itemgap>dialogbuttons_itemgap</itemgap>
				<onright>3</onright>
				<include content="DefaultDialogButton">
					<param name="id" value="5" />
					<param name="label" value="" />
				</include>
				<include content="DefaultDialogButton">
					<param name="id" value="7" />
					<param name="label" value="$LOCALIZE[222]" />
				</include>
			</control>
			<control type="label" id="12">
				<description>Caption area</description>
				<left>14</left>
				<right>14</right>
				<bottom>0</bottom>
				<height>20</height>
				<font>font12</font>
				<align>left</align>
				<shadowcolor>text_shadow</shadowcolor>
				<autoscroll time="3000" delay="5000" repeat="5000">true</autoscroll>
				<label></label>
			</control>
		</control>
	</include>
	<include name="GameDialogSelectFilterLayout">
		<control type="button">
			<description>background close area</description>
			<left>0</left>
			<top>0</top>
			<width>100%</width>
			<bottom>540</bottom>
			<texturefocus />
			<texturenofocus />
			<onclick>Action(close)</onclick>
		</control>
		<control type="group">
			<bottom>0</bottom>
			<height>540</height>
			<width>100%</width>
			<control type="image">
				<animation effect="fade" start="0" end="100" time="300">WindowOpen</animation>
				<animation effect="fade" start="100" end="0" time="300">WindowClose</animation>
				<texture colordiffuse="E6FFFFFF">dialogs/dialog-bg-nobo.png</texture>
			</control>
			<control type="panel" id="11">
				<top>30</top>
				<scrolltime tween="sine">200</scrolltime>
				<orientation>horizontal</orientation>
				<itemlayout width="480" height="340">
					<control type="group">
						<left>18</left>
						<right>18</right>
						<top>5</top>
						<control type="image">
							<width>444</width>
							<height>250</height>
							<aspectratio>scale</aspectratio>
							<texture border="4">DefaultVideo.png</texture>
							<bordertexture colordiffuse="border_alpha">colors/black.png</bordertexture>
							<bordersize>4</bordersize>
						</control>
						<control type="gamewindow">
							<width>444</width>
							<height>250</height>
							<videofilter>$INFO[ListItem.Property(game.videofilter)]</videofilter>
							<stretchmode>$INFO[ListItem.Property(game.stretchmode)]</stretchmode>
							<rotation>$INFO[ListItem.Property(game.videorotation)]</rotation>
						</control>
						<control type="label">
							<top>250</top>
							<width>444</width>
							<height>80</height>
							<label>$INFO[ListItem.Label][CR][COLOR grey]$INFO[ListItem.Label2][/COLOR]</label>
							<font>font37</font>
							<shadowcolor>text_shadow</shadowcolor>
							<align>center</align>
						</control>
					</control>
				</itemlayout>
				<focusedlayout width="480" height="340">
					<control type="group">
						<left>18</left>
						<right>18</right>
						<top>5</top>
						<control type="image">
							<width>444</width>
							<height>250</height>
							<aspectratio>scale</aspectratio>
							<texture border="4">DefaultVideo.png</texture>
							<bordertexture colordiffuse="border_alpha">colors/black.png</bordertexture>
							<bordersize>4</bordersize>
						</control>
						<control type="gamewindow">
							<width>444</width>
							<height>250</height>
							<videofilter>$INFO[ListItem.Property(game.videofilter)]</videofilter>
							<stretchmode>$INFO[ListItem.Property(game.stretchmode)]</stretchmode>
							<rotation>$INFO[ListItem.Property(game.videorotation)]</rotation>
						</control>
						<control type="label">
							<top>250</top>
							<width>444</width>
							<height>80</height>
							<label>$INFO[ListItem.Label][CR][COLOR grey]$INFO[ListItem.Label2][/COLOR]</label>
							<font>font37</font>
							<shadowcolor>text_shadow</shadowcolor>
							<align>center</align>
						</control>
						<control type="image">
							<width>444</width>
							<height>250</height>
							<texture border="8" colordiffuse="button_focus">buttons/thumbnail_focused.png</texture>
							<visible>Control.HasFocus(11)</visible>
						</control>
					</control>
				</focusedlayout>
			</control>
			<control type="textbox" id="12">
				<description>Description Area</description>
				<top>410</top>
				<left>100</left>
				<right>100</right>
				<height>200</height>
				<font>font37</font>
				<align>justify</align>
				<shadowcolor>text_shadow</shadowcolor>
				<autoscroll time="3000" delay="5000" repeat="5000">true</autoscroll>
			</control>
		</control>
	</include>
	<include name="GameDialogSelectViewLayout">
		<control type="button">
			<description>background close area</description>
			<left>0</left>
			<top>0</top>
			<width>100%</width>
			<bottom>410</bottom>
			<texturefocus />
			<texturenofocus />
			<onclick>Action(close)</onclick>
		</control>
		<control type="group">
			<bottom>0</bottom>
			<height>410</height>
			<width>100%</width>
			<control type="image">
				<animation effect="fade" start="0" end="100" time="300">WindowOpen</animation>
				<animation effect="fade" start="100" end="0" time="300">WindowClose</animation>
				<texture colordiffuse="E6FFFFFF">dialogs/dialog-bg-nobo.png</texture>
			</control>
			<control type="panel" id="11">
				<top>30</top>
				<scrolltime tween="sine">200</scrolltime>
				<orientation>horizontal</orientation>
				<itemlayout width="480" height="340">
					<control type="group">
						<left>18</left>
						<right>18</right>
						<top>5</top>
						<control type="image">
							<width>444</width>
							<height>250</height>
							<aspectratio>scale</aspectratio>
							<texture border="4">DefaultVideo.png</texture>
							<bordertexture colordiffuse="border_alpha">colors/black.png</bordertexture>
							<bordersize>4</bordersize>
						</control>
						<control type="gamewindow">
							<width>444</width>
							<height>250</height>
							<videofilter>$INFO[ListItem.Property(game.videofilter)]</videofilter>
							<stretchmode>$INFO[ListItem.Property(game.stretchmode)]</stretchmode>
							<rotation>$INFO[ListItem.Property(game.videorotation)]</rotation>
						</control>
						<control type="label">
							<top>250</top>
							<width>444</width>
							<height>40</height>
							<label>$INFO[ListItem.Label][CR][COLOR grey]$INFO[ListItem.Label2][/COLOR]</label>
							<font>font37</font>
							<shadowcolor>text_shadow</shadowcolor>
							<align>center</align>
						</control>
					</control>
				</itemlayout>
				<focusedlayout width="480" height="340">
					<control type="group">
						<left>18</left>
						<right>18</right>
						<top>5</top>
						<control type="image">
							<width>444</width>
							<height>250</height>
							<aspectratio>scale</aspectratio>
							<texture border="4">DefaultVideo.png</texture>
							<bordertexture colordiffuse="border_alpha">colors/black.png</bordertexture>
							<bordersize>4</bordersize>
						</control>
						<control type="gamewindow">
							<width>444</width>
							<height>250</height>
							<videofilter>$INFO[ListItem.Property(game.videofilter)]</videofilter>
							<stretchmode>$INFO[ListItem.Property(game.stretchmode)]</stretchmode>
							<rotation>$INFO[ListItem.Property(game.videorotation)]</rotation>
						</control>
						<control type="label">
							<top>250</top>
							<width>444</width>
							<height>40</height>
							<label>$INFO[ListItem.Label][CR][COLOR grey]$INFO[ListItem.Label2][/COLOR]</label>
							<font>font37</font>
							<shadowcolor>text_shadow</shadowcolor>
							<align>center</align>
						</control>
						<control type="image">
							<width>444</width>
							<height>250</height>
							<texture border="8" colordiffuse="button_focus">buttons/thumbnail_focused.png</texture>
							<visible>Control.HasFocus(11)</visible>
						</control>
					</control>
				</focusedlayout>
			</control>
		</control>
	</include>
	<include name="GameDialogSelectSaveInGameLayout">
		<control type="button">
			<description>background close area</description>
			<left>0</left>
			<top>0</top>
			<width>100%</width>
			<bottom>540</bottom>
			<texturefocus />
			<texturenofocus />
			<onclick>Action(close)</onclick>
		</control>
		<control type="group">
			<bottom>0</bottom>
			<height>540</height>
			<width>100%</width>
			<control type="image">
				<animation effect="fade" start="0" end="100" time="300">WindowOpen</animation>
				<animation effect="fade" start="100" end="0" time="300">WindowClose</animation>
				<texture colordiffuse="E6FFFFFF">dialogs/dialog-bg-nobo.png</texture>
			</control>
			<control type="panel" id="11">
				<top>30</top>
				<scrolltime tween="sine">200</scrolltime>
				<orientation>horizontal</orientation>
				<itemlayout width="480" height="340">
					<control type="group">
						<left>18</left>
						<right>18</right>
						<top>5</top>
						<control type="image">
							<width>444</width>
							<height>250</height>
							<aspectratio>scale</aspectratio>
							<texture border="4">$INFO[ListItem.Icon]</texture>
							<bordertexture colordiffuse="border_alpha">colors/black.png</bordertexture>
							<bordersize>4</bordersize>
						</control>
						<control type="label">
							<top>250</top>
							<width>444</width>
							<height>80</height>
							<label>$INFO[ListItem.Label][CR][COLOR grey]$INFO[ListItem.Label2][/COLOR]</label>
							<font>font37</font>
							<shadowcolor>text_shadow</shadowcolor>
							<align>center</align>
						</control>
					</control>
				</itemlayout>
				<focusedlayout width="480" height="340">
					<control type="group">
						<left>18</left>
						<right>18</right>
						<top>5</top>
						<control type="image">
							<width>444</width>
							<height>250</height>
							<aspectratio>scale</aspectratio>
							<texture border="4">$INFO[ListItem.Icon]</texture>
							<bordertexture colordiffuse="border_alpha">colors/black.png</bordertexture>
							<bordersize>4</bordersize>
						</control>
						<control type="label">
							<top>250</top>
							<width>444</width>
							<height>80</height>
							<label>$INFO[ListItem.Label][CR][COLOR grey]$INFO[ListItem.Label2][/COLOR]</label>
							<font>font37</font>
							<shadowcolor>text_shadow</shadowcolor>
							<align>center</align>
						</control>
						<control type="image">
							<width>444</width>
							<height>250</height>
							<texture border="8" colordiffuse="button_focus">buttons/thumbnail_focused.png</texture>
							<visible>Control.HasFocus(11)</visible>
						</control>
					</control>
				</focusedlayout>
			</control>
			<control type="textbox" id="12">
				<description>Description Area</description>
				<top>410</top>
				<left>100</left>
				<right>100</right>
				<height>200</height>
				<font>font37</font>
				<align>justify</align>
				<shadowcolor>text_shadow</shadowcolor>
				<autoscroll time="3000" delay="5000" repeat="5000">true</autoscroll>
				<label>$INFO[ListItem.Property(savestate.caption)]</label>
			</control>
		</control>
	</include>
</includes>
