<?xml version="1.0" encoding="UTF-8"?>
<includes>
	<include name="View_50_List">
		<control type="group">
			<include>OpenClose_Right</include>
			<left>695</left>
			<visible>Control.IsVisible(50)</visible>
			<include>Visible_Right</include>
			<include content="ListContainer">
				<param name="list_id" value="50" />
				<param name="right" value="0" />
				<param name="viewtype_label" value="$LOCALIZE[535]" />
			</include>
		</control>
	</include>
	<include name="ListContainer">
		<param name="left">0</param>
		<param name="right">0</param>
		<definition>
			<control type="fixedlist" id="$PARAM[list_id]">
				<left>$PARAM[left]</left>
				<right>$PARAM[right]</right>
				<top>list_top_offset</top>
				<bottom>list_bottom_offset</bottom>
				<scrolltime tween="cubic" easing="out">500</scrolltime>
				<orientation>vertical</orientation>
				<onleft>PageUp</onleft>
				<onright>PageDown</onright>
				<onup>$PARAM[list_id]</onup>
				<ondown>$PARAM[list_id]</ondown>
				<focusposition>5</focusposition>
				<movement>6</movement>
				<viewtype label="$PARAM[viewtype_label]">list</viewtype>
				<!--<visible>Container.Content(movies) | Container.Content(sets) | Container.Content(tvshow) | Container.Content(seasons) | Container.Content(episodes) | Container.Content(games) | Window.IsActive(videoplaylist) | Window.IsActive(musicplaylist)</visible>-->
				<focusedlayout height="list_item_height">
					<control type="image">
						<left>0</left>
						<right>0</right>
						<top>0</top>
						<bottom>0</bottom>
						<texture colordiffuse="button_focus">lists/focus.png</texture>
						<visible>Control.HasFocus($PARAM[list_id])</visible>
					</control>
					<control type="group">
						<visible>!String.Contains(Container.FolderPath,mode=armani.playlist)</visible>
						<control type="label">
							<left>70</left>
							<right>130</right>
							<aligny>center</aligny>
							<font>font_list</font>
							<label>$VAR[ListLabelVar]</label>
							<shadowcolor>text_shadow</shadowcolor>
						</control>
						<control type="label">
							<right>20</right>
							<width>100</width>
							<align>right</align>
							<aligny>center</aligny>
							<font>font_list</font>
							<textcolor>silver</textcolor>
							<label>$VAR[ListLabel2Var]</label>
							<shadowcolor>text_shadow</shadowcolor>
						</control>
						<control type="image">
							<visible>!String.IsEmpty(ListItem.Property(armani.favorite))</visible>
							<left>15</left>
							<centertop>50%</centertop>
							<width>44</width>
							<height>44</height>
							<texture>$INFO[ListItem.Property(armani.favorite)]</texture>
						</control>
						<control type="image">
							<visible>!String.IsEmpty(ListItem.Property(armani.favorite)) + [ListItem.IsResumable | !String.IsEqual(ListItem.Overlay,OverlayUnwatched.png)]</visible>
							<left>21</left>
							<centertop>54%</centertop>
							<width>32</width>
							<height>32</height>
							<texture colordiffuse="black">$VAR[ListWatchedIconVar]</texture>
						</control>
						<control type="image">
							<visible>String.IsEmpty(ListItem.Property(armani.favorite))</visible>
							<left>21</left>
							<centertop>50%</centertop>
							<width>32</width>
							<height>32</height>
							<texture>$VAR[ListWatchedIconVar]</texture>
						</control>
					</control>
					<control type="group">
						<visible>String.Contains(Container.FolderPath,mode=armani.playlist)</visible>
						<left>30</left>
						<right>30</right>
						<control type="label">
							<left>0</left>
							<right>610</right>
							<aligny>center</aligny>
							<font>font_list</font>
							<label>$VAR[ListLabelVar]</label>
							<shadowcolor>text_shadow</shadowcolor>
						</control>
						<control type="label">
							<right>0</right>
							<width>600</width>
							<align>right</align>
							<aligny>center</aligny>
							<font>font_menu_lists</font>
							<textcolor>silver</textcolor>
							<label>$INFO[ListItem.Property(playlist_value)]</label>
							<shadowcolor>text_shadow</shadowcolor>
						</control>
					</control>

				</focusedlayout>
				<itemlayout height="list_item_height">
					<control type="group">
						<visible>!String.Contains(Container.FolderPath,mode=armani.playlist)</visible>
						<control type="label">
							<left>70</left>
							<right>130</right>
							<aligny>center</aligny>
							<font>font_list</font>
							<label>$VAR[ListLabelVar]</label>
							<shadowcolor>text_shadow</shadowcolor>
						</control>
						<control type="label">
							<right>20</right>
							<width>100</width>
							<align>right</align>
							<aligny>center</aligny>
							<font>font_list</font>
							<textcolor>silver</textcolor>
							<label>$VAR[ListLabel2Var]</label>
							<animation effect="fade" start="70" end="100" time="300" reversible="false">Focus</animation>
							<shadowcolor>text_shadow</shadowcolor>
						</control>
						<control type="image">
							<visible>!String.IsEmpty(ListItem.Property(armani.favorite))</visible>
							<left>15</left>
							<centertop>50%</centertop>
							<width>44</width>
							<height>44</height>
							<texture colordiffuse="grey">$INFO[ListItem.Property(armani.favorite)]</texture>
						</control>
						<control type="image">
							<visible>!String.IsEmpty(ListItem.Property(armani.favorite)) + [ListItem.IsResumable | !String.IsEqual(ListItem.Overlay,OverlayUnwatched.png)]</visible>
							<left>21</left>
							<centertop>54%</centertop>
							<width>32</width>
							<height>32</height>
							<texture colordiffuse="black">$VAR[ListWatchedIconVar]</texture>
						</control>
						<control type="image">
							<visible>String.IsEmpty(ListItem.Property(armani.favorite))</visible>
							<left>21</left>
							<centertop>50%</centertop>
							<width>32</width>
							<height>32</height>
							<texture colordiffuse="grey">$VAR[ListWatchedIconVar]</texture>
						</control>
					</control>
					<control type="group">
						<visible>String.Contains(Container.FolderPath,mode=armani.playlist)</visible>
						<left>30</left>
						<right>30</right>
						<control type="label">
							<left>0</left>
							<right>610</right>
							<aligny>center</aligny>
							<font>font_list</font>
							<label>$VAR[ListLabelVar]</label>
							<shadowcolor>text_shadow</shadowcolor>
						</control>
						<control type="label">
							<right>0</right>
							<width>600</width>
							<align>right</align>
							<aligny>center</aligny>
							<font>font_menu_lists</font>
							<textcolor>silver</textcolor>
							<label>$INFO[ListItem.Property(playlist_value)]</label>
							<shadowcolor>text_shadow</shadowcolor>
						</control>
					</control>

				</itemlayout>
			</control>
		</definition>
	</include>
	<include name="ListThumbInfoPanel">
		<param name="fallback_image"></param>
		<param name="flip_bg">false</param>
		<definition>
			<control type="group">
				<depth>DepthContentPanel</depth>
				<include content="ContentPanel">
					<param name="width" value="656" />
					<param name="flipx" value="$PARAM[flip_bg]" />
				</include>
				<control type="image">
					<left>30</left>
					<top>110</top>
					<width>640</width>
					<height>470</height>
					<aspectratio aligny="bottom">keep</aspectratio>
					<fadetime>300</fadetime>
					<texture fallback="$PARAM[fallback_image]" background="true">$VAR[IconWallThumbVar]</texture>
					<visible>!String.IsEqual(ListItem.DbType,episode) + !String.IsEqual(ListItem.DBType,song)</visible>
				</control>
				<control type="image">
					<left>30</left>
					<top>110</top>
					<width>640</width>
					<height>330</height>
					<aspectratio aligny="bottom">keep</aspectratio>
					<fadetime>300</fadetime>
					<texture background="true">$VAR[ShiftThumbVar]</texture>
					<visible>String.IsEqual(ListItem.DbType,episode)</visible>
				</control>
				<control type="image">
					<left>30</left>
					<top>110</top>
					<width>640</width>
					<height>470</height>
					<aspectratio aligny="bottom">keep</aspectratio>
					<fadetime>300</fadetime>
					<texture fallback="DefaultAudio.png" background="true">$VAR[IconWallThumbVar]</texture>
					<visible>String.IsEqual(ListItem.DBType,song)</visible>
				</control>
				<control type="group">
					<left>273</left>
					<top>560</top>
					<include>RatingCircle</include>
					<animation effect="slide" end="0,-140" time="0" condition="String.IsEqual(ListItem.DbType,episode)">conditional</animation>
				</control>
				<control type="group">
					<visible>!Container.Content() | !String.isempty(ListItem.Plot)</visible>
					<left>30</left>
					<control type="textbox" id="15500">
						<top>600</top>
						<width>540</width>
						<bottom>70</bottom>
						<autoscroll time="3000" delay="7000" repeat="5000">!System.HasModalDialog</autoscroll>
						<label>$VAR[ListBoxInfoVar]</label>
						<visible>!String.IsEqual(ListItem.DbType,episode) + !String.IsEqual(ListItem.DBType,song)</visible>
					</control>
					<control type="textbox" id="15501">
						<top>465</top>
						<width>540</width>
						<bottom>70</bottom>
						<autoscroll time="3000" delay="7000" repeat="5000">!System.HasModalDialog</autoscroll>
						<label>$INFO[ListItem.Plot]</label>
						<visible>String.IsEqual(ListItem.DbType,episode)</visible>
					</control>
					<control type="textbox" id="15502">
						<top>600</top>
						<width>540</width>
						<bottom>70</bottom>
						<autoscroll time="3000" delay="3000" repeat="5000">!System.HasModalDialog</autoscroll>
						<label>$VAR[ListBoxInfoVar]</label>
						<visible>String.IsEqual(ListItem.DBType,song)</visible>
					</control>
				</control>
				<control type="group">
					<left>20</left>
					<top>640</top>
					<visible>ListItem.IsCollection + String.IsEmpty(ListItem.Plot)</visible>
					<include content="InfoList">
						<param name="bottom" value="100" />
						<param name="width" value="540" />
						<param name="sortby" value="year" />
						<param name="sortorder" value="ascending" />
						<param name="font" value="font13" />
					</include>
				</control>
				<control type="group">
					<visible>!ListItem.IsCollection + String.IsEmpty(Control.GetLabel(15500)) + Control.IsVisible(15500)</visible>
					<control type="textbox">
						<left>30</left>
						<top>460</top>
						<width>540</width>
						<height>413</height>
						<align>center</align>
						<aligny>center</aligny>
						<font>font27</font>
						<textcolor>80FFFFFF</textcolor>
						<label>$LOCALIZE[19055]</label>
						<visible>!ListItem.IsParentFolder</visible>
						<visible>!Integer.IsGreater(Container(42000).NumItems,0) + !Integer.IsGreater(Container(43000).NumItems,0)</visible>
						<visible>!Container.Content() | !String.isempty(ListItem.Plot)</visible>
					</control>
					<control type="group">
						<left>20</left>
						<top>640</top>
						<visible>!String.IsEmpty(ListItem.DBID)</visible>
						<include content="InfoList">
							<param name="list_id" value="42000" />
							<param name="bottom" value="100" />
							<param name="width" value="540" />
							<param name="sortby" value="year" />
							<param name="sortorder" value="ascending" />
							<param name="item_label" value="$INFO[ListItem.Year,[COLOR button_focus],[/COLOR]  -  ]$INFO[ListItem.Label]" />
							<param name="visible" value="String.IsEqual(ListItem.DBType,artist)" />
						</include>
						<include content="InfoList">
							<param name="list_id" value="43000" />
							<param name="bottom" value="100" />
							<param name="width" value="540" />
							<param name="sortby" value="track" />
							<param name="sortorder" value="ascending" />
							<param name="item_label" value="$INFO[ListItem.Duration,[COLOR button_focus],[/COLOR]  -  ]$INFO[ListItem.Label]" />
							<param name="visible" value="String.IsEqual(ListItem.DBType,album)" />
						</include>
					</control>
				</control>
			</control>
		</definition>
	</include>
</includes>
