<?xml version="1.0" encoding="UTF-8"?>
<window>
    <onload condition="Player.HasMedia">Stop</onload>
    <defaultcontrol>9001</defaultcontrol>
    <backgroundcolor>background</backgroundcolor>
    <controls>
        <control type="button" id="20000">
            <include>HiddenObject</include>
            <!--<animation effect="fade" time="300" start="100" end="0">Focus</animation>-->
            <onfocus>SetFocus(2000)</onfocus>
            <onclick>noop</onclick>
            <visible allowhiddenfocus="true">Control.HasFocus(20000)</visible>
        </control>
        <control type="button" id="20001">
            <include>HiddenObject</include>
            <!--<animation effect="fade" time="300" start="100" end="0">Focus</animation>-->
            <onfocus>SetFocus(2000)</onfocus>
            <onclick>noop</onclick>
            <visible allowhiddenfocus="true">Control.HasFocus(20001)</visible>
        </control>
        <include>DefaultBackground</include>
        <control type="group">
            <!--<animation effect="fade" start="100" end="0" time="200" tween="sine" condition="$EXP[infodialog_active]">Conditional</animation>-->
            <control type="group" id="2000">
                <left>462</left>
                <!--<animation type="Conditional" condition="Control.IsVisible(20000)" reversible="false">
                    <effect type="slide" end="0,20" time="60" tween="sine" />
                    <effect type="slide" end="0,-20" time="180" tween="sine" delay="80" />
                </animation>
                <animation type="Conditional" condition="Control.IsVisible(20001)" reversible="false">
                    <effect type="slide" end="0,-20" time="60" tween="sine" />
                    <effect type="slide" end="0,20" time="180" tween="sine" delay="80" />
                </animation>-->
                <include>OpenClose_Right</include>

                <control type="group" id="5000">
                    <visible>String.IsEqual(Container(9000).ListItem.Property(id),movies) + !Control.HasFocus(9001) +
                        !Control.HasFocus(9002) + !Control.HasFocus(4001) + !ControlGroup(900).HasFocus
                    </visible>
                    <include content="Visible_Right_Delayed">
                        <param name="id" value="movies"/>
                    </include>
                    <left>40</left>
                    <width>300</width>
                    <top>250</top>
                    <control type="image">
                        <left>-40</left>
                        <top>25</top>
                        <width>50</width>
                        <height>50</height>
                        <texture colordiffuse="FFFFFFFF">overlays/arrowright.png</texture>
                    </control>
                    <control type="fixedlist" id="5001">
                        <include content="SamHomeSubmenuCommon">
                            <param name="list_id" value="5001"/>
                        </include>
                        <content>
                            <item>
                                <description>Movies: alpha</description>
                                <label>$LOCALIZE[32035]</label>
                                <label2>$LOCALIZE[32038]</label2>
                                <onclick>ActivateWindow(videos,plugin://plugin.video.armaniflix/?mode=armani_list&amp;action=movies_alpha,return)</onclick>
                            </item>
                            <item>
                                <description>Movies: genres</description>
                                <label>$LOCALIZE[135]</label>
                                <label2>$LOCALIZE[32014]</label2>
                                <onclick>ActivateWindow(videos,plugin://plugin.video.armaniflix/?mode=armani_list&amp;action=movies_genres,return)</onclick>
                            </item>
                            <item>
                                <description>Movies: decades</description>
                                <label>$LOCALIZE[32034]</label>
                                <label2>$LOCALIZE[32036]</label2>
                                <onclick>ActivateWindow(videos,plugin://plugin.video.armaniflix/?mode=armani_list&amp;action=movies_decades,return)</onclick>
                            </item>
                        </content>
                    </control>
                </control>
                <control type="group" id="6000">
                    <visible>String.IsEqual(Container(9000).ListItem.Property(id),tv) + !Control.HasFocus(9001) +
                        !Control.HasFocus(9002) + !Control.HasFocus(4001) + !ControlGroup(900).HasFocus
                    </visible>
                    <include content="Visible_Right_Delayed">
                        <param name="id" value="tv"/>
                    </include>
                    <left>40</left>
                    <width>300</width>
                    <top>345</top>
                    <control type="image">
                        <left>-40</left>
                        <top>25</top>
                        <width>50</width>
                        <height>50</height>
                        <texture colordiffuse="FFFFFFFF">overlays/arrowright.png</texture>
                    </control>
                    <control type="fixedlist" id="6001">
                        <include content="SamHomeSubmenuCommon">
                            <param name="list_id" value="6001"/>
                        </include>
                        <content>
                            <item>
                                <description>TV: alpha</description>
                                <label>$LOCALIZE[32035]</label>
                                <label2>$LOCALIZE[32039]</label2>
                                <onclick>ActivateWindow(videos,plugin://plugin.video.armaniflix/?mode=armani_list&amp;action=tvshows_alpha,return)</onclick>
                            </item>
                            <item>
                                <description>TV: genres</description>
                                <label>$LOCALIZE[135]</label>
                                <label2>$LOCALIZE[32017]</label2>
                                <onclick>ActivateWindow(videos,plugin://plugin.video.armaniflix/?mode=armani_list&amp;action=tvshows_genres,return)</onclick>
                            </item>
                            <item>
                                <description>TV: decades</description>
                                <label>$LOCALIZE[32034]</label>
                                <label2>$LOCALIZE[32037]</label2>
                                <onclick>ActivateWindow(videos,plugin://plugin.video.armaniflix/?mode=armani_list&amp;action=tvshows_decades,return)</onclick>
                            </item>
                        </content>
                    </control>
                </control>
            </control>
            <control type="group">
                <depth>DepthContentPanel</depth>
                <include>OpenClose_Left</include>
                <include content="ContentPanel">
                    <param name="width" value="522"/>
                </include>

                <control type="fixedlist" id="9001">
                    <left>0</left>
                    <top>160</top>
                    <width>462</width>
                    <bottom>-10</bottom>
                    <movement>7</movement>
                    <focusposition>0</focusposition>
                    <onfocus>ClearProperty(listposition,home)</onfocus>
                    <onright>SetFocus($INFO[Container(9001).ListItem.Property(menu_id)])</onright>
                    <onup>900</onup>
                    <ondown>SetFocus(9000,0,absolute)</ondown>
                    <scrolltime tween="cubic" easing="out">500</scrolltime>
                    <focusedlayout height="80">
                        <control type="image">
                            <visible>Control.HasFocus(9001)</visible>
                            <left>0</left>
                            <top>0</top>
                            <height>80</height>
                            <texture colordiffuse="button_focus">lists/focus.png</texture>
                        </control>
                        <control type="image">
                            <visible>Control.HasFocus(9001) | Control.HasFocus(4001)</visible>
                            <left>10</left>
                            <top>0</top>
                            <width>80</width>
                            <height>80</height>
                            <texture>$INFO[ListItem.Art(thumb)]</texture>
                        </control>
                        <control type="image">
                            <visible>![Control.HasFocus(9001) | Control.HasFocus(4001)]</visible>
                            <left>10</left>
                            <top>0</top>
                            <width>80</width>
                            <height>80</height>
                            <texture colordiffuse="44FFFFFF">$INFO[ListItem.Art(thumb)]</texture>
                        </control>
                        <control type="label">
                            <left>85</left>
                            <right>85</right>
                            <top>0</top>
                            <height>80</height>
                            <align>center</align>
                            <aligny>center</aligny>
                            <font>font_list</font>
                            <label>[I]$INFO[ListItem.Label][/I]</label>
                            <shadowcolor>text_shadow</shadowcolor>
                        </control>
                    </focusedlayout>
                    <itemlayout height="80">
                        <control type="image">
                            <left>10</left>
                            <top>0</top>
                            <width>80</width>
                            <height>80</height>
                            <texture colordiffuse="44FFFFFF">$INFO[ListItem.Art(thumb)]</texture>
                        </control>
                        <control type="label">
                            <left>85</left>
                            <right>85</right>
                            <top>0</top>
                            <height>80</height>
                            <align>center</align>
                            <aligny>center</aligny>
                            <font>font_list</font>
                            <label>[I]$INFO[ListItem.Label][/I]</label>
                            <shadowcolor>text_shadow</shadowcolor>
                        </control>
                    </itemlayout>
                    <content>
                        <item>
                            <label>$VAR[Var_UserName]</label>
                            <label2>$LOCALIZE[31989]</label2>
                            <onclick>RunPlugin(plugin://plugin.video.armaniflix/?mode=armani_users&amp;action=select_user)</onclick>
                            <thumb>defaultuser.png</thumb>
                        </item>
                    </content>
                </control>

                <control type="fixedlist" id="9000">
                    <left>0</left>
                    <top>250</top>
                    <width>462</width>
                    <movement>7</movement>
                    <focusposition>0</focusposition>
                    <onfocus>ClearProperty(listposition,home)</onfocus>
                    <onright>SetFocus($INFO[Container(9000).ListItem.Property(menu_id)])</onright>
                    <onup>SetFocus(9001)</onup>
                    <ondown>SetFocus(9002,0,absolute)</ondown>
                    <scrolltime tween="cubic" easing="out">500</scrolltime>
                    <focusedlayout height="95">
                        <control type="image">
                            <visible>Control.HasFocus(9000)</visible>
                            <left>0</left>
                            <top>0</top>
                            <width>462</width>
                            <height>95</height>
                            <texture colordiffuse="button_focus">lists/focus.png</texture>
                        </control>
                        <control type="image">
                            <visible>![Control.HasFocus(9000) | Control.HasFocus(5001) | Control.HasFocus(6001) |
                                Control.HasFocus(7001)]
                            </visible>
                            <left>-3</left>
                            <top>1</top>
                            <width>95</width>
                            <height>95</height>
                            <texture colordiffuse="44FFFFFF">$INFO[ListItem.Art(thumb)]</texture>
                        </control>
                        <control type="image">
                            <visible>Control.HasFocus(9000) | Control.HasFocus(5001) | Control.HasFocus(6001) |
                                Control.HasFocus(7001)
                            </visible>
                            <left>-3</left>
                            <top>1</top>
                            <width>95</width>
                            <height>95</height>
                            <texture>$INFO[ListItem.Art(thumb)]</texture>
                        </control>
                        <control type="label">
                            <left>104</left>
                            <top>0</top>
                            <height>95</height>
                            <width>560</width>
                            <aligny>center</aligny>
                            <font>font_home_menu</font>
                            <label>$INFO[ListItem.Label]</label>
                            <shadowcolor>text_shadow</shadowcolor>
                        </control>
                    </focusedlayout>
                    <itemlayout height="95">
                        <control type="image">
                            <left>-3</left>
                            <top>1</top>
                            <width>95</width>
                            <height>95</height>
                            <texture colordiffuse="44FFFFFF">$INFO[ListItem.Art(thumb)]</texture>
                        </control>
                        <control type="label">
                            <left>104</left>
                            <top>0</top>
                            <height>95</height>
                            <width>560</width>
                            <aligny>center</aligny>
                            <font>font_home_menu</font>
                            <label>$INFO[ListItem.Label]</label>
                            <shadowcolor>text_shadow</shadowcolor>
                        </control>
                    </itemlayout>
                    <content>
                        <item>
                            <description>Movie Menu</description>
                            <label>$LOCALIZE[342]</label>
                            <label2>$LOCALIZE[31992]</label2>
                            <onclick>ActivateWindow(Videos,plugin://plugin.video.armaniflix/?mode=build_armani_all&amp;db_type=movie,return)</onclick>
                            <property name="menu_id">$NUMBER[5000]</property>
                            <property name="id">movies</property>
                            <thumb>icons/sidemenu/movies.png</thumb>
                        </item>
                        <item>
                            <description>TV Menu</description>
                            <label>$LOCALIZE[20343]</label>
                            <label2>$LOCALIZE[31993]</label2>
                            <onclick>ActivateWindow(Videos,plugin://plugin.video.armaniflix/?mode=build_armani_all&amp;db_type=tvshow,return)</onclick>
                            <property name="menu_id">$NUMBER[6000]</property>
                            <property name="id">tv</property>
                            <thumb>icons/sidemenu/tv.png</thumb>
                        </item>
                    </content>
                </control>

                <control type="fixedlist" id="9002">
                    <left>0</left>
                    <top>452</top>
                    <width>462</width>
                    <movement>7</movement>
                    <focusposition>0</focusposition>
                    <onfocus>ClearProperty(listposition,home)</onfocus>
                    <onup>SetFocus(9000,99,absolute)</onup>
                    <ondown>SetFocus(900)</ondown>
                    <scrolltime tween="cubic" easing="out">500</scrolltime>
                    <focusedlayout height="95">
                        <control type="image">
                            <visible>Control.HasFocus(9002)</visible>
                            <left>0</left>
                            <top>0</top>
                            <width>462</width>
                            <height>95</height>
                            <texture colordiffuse="button_focus">lists/focus.png</texture>
                        </control>
                        <control type="image">
                            <visible>!Control.HasFocus(9002)</visible>
                            <left>-3</left>
                            <top>1</top>
                            <width>95</width>
                            <height>95</height>
                            <texture colordiffuse="44FFFFFF">$INFO[ListItem.Art(thumb)]</texture>
                        </control>
                        <control type="image">
                            <visible>Control.HasFocus(9002)</visible>
                            <left>-3</left>
                            <top>1</top>
                            <width>95</width>
                            <height>95</height>
                            <texture>$INFO[ListItem.Art(thumb)]</texture>
                        </control>
                        <control type="label">
                            <left>104</left>
                            <top>0</top>
                            <height>95</height>
                            <width>560</width>
                            <aligny>center</aligny>
                            <font>font_home_menu_b</font>
                            <label>$INFO[ListItem.Label]</label>
                            <shadowcolor>text_shadow</shadowcolor>
                        </control>
                    </focusedlayout>
                    <itemlayout height="95">
                        <control type="image">
                            <left>-3</left>
                            <top>1</top>
                            <width>95</width>
                            <height>95</height>
                            <texture colordiffuse="44FFFFFF">$INFO[ListItem.Art(thumb)]</texture>
                        </control>
                        <control type="label">
                            <left>104</left>
                            <top>0</top>
                            <height>95</height>
                            <width>560</width>
                            <aligny>center</aligny>
                            <font>font_home_menu_b</font>
                            <label>$INFO[ListItem.Label]</label>
                            <shadowcolor>text_shadow</shadowcolor>
                        </control>
                    </itemlayout>
                    <content>
                        <item>
                            <description>Playlist</description>
                            <label>$LOCALIZE[559]</label>
                            <label2>$LOCALIZE[32009]</label2>
                            <onclick>ActivateWindow(Videos,plugin://plugin.video.armaniflix/?mode=build_armani_results&amp;action=playlist,return)</onclick>
                            <!--<onclick>RunPlugin(plugin://plugin.video.armaniflix/?mode=armani_users&amp;action=new_playlist)</onclick>-->
                            <thumb>defaultplaylist.png</thumb>
                        </item>
                        <item>
                            <description>Favourites</description>
                            <label>$LOCALIZE[1036]</label>
                            <label2>$LOCALIZE[32003]</label2>
                            <onclick>RunPlugin(plugin://plugin.video.armaniflix/?mode=armani_user_list&amp;action=favorites,return)</onclick>
                            <thumb>defaultfavourites.png</thumb>
                        </item>
                        <item>
                            <description>History</description>
                            <label>$LOCALIZE[32005]</label>
                            <label2>$LOCALIZE[32006]</label2>
                            <thumb>defaultyear.png</thumb>
                            <onclick>RunPlugin(plugin://plugin.video.armaniflix/?mode=armani_user_list&amp;action=watched,return)</onclick>
                        </item>
                        <item>
                            <description>Search</description>
                            <label>$LOCALIZE[137]</label>
                            <label2>$LOCALIZE[32200]</label2>
                            <onclick>RunPlugin(plugin://plugin.video.armaniflix/?mode=armani_fetch&amp;action=search)</onclick>
                            <thumb>defaultmusicsearch.png</thumb>
                        </item>
                    </content>
                </control>

                <include>BottomBar</include>

                <control type="grouplist" id="900">
                    <orientation>horizontal</orientation>
                    <itemgap>0</itemgap>
                    <left>-8</left>
                    <width>480</width>
                    <height>110</height>
                    <bottom>40</bottom>
                    <onup>SetFocus(9002,99,absolute)</onup>
                    <ondown>9001</ondown>
                    <align>justify</align>
                    <include content="IconButton">
                        <param name="control_id" value="801"/>
                        <param name="onclick" value="Quit()"/>
                        <param name="icon" value="icons/power.png"/>
                    </include>
                    <include content="IconButton">
                        <param name="control_id" value="802"/>
                        <param name="onclick" value="RunPlugin(plugin://plugin.video.armaniflix/?mode=armani_admin)"/>
                        <param name="icon" value="icons/settings.png"/>
                    </include>
                </control>


            </control>
            <include content="TopBar">
                <param name="breadcrumbs_label" value=""/>
            </include>
            <control type="group">
                <depth>DepthBars</depth>
                <!--<animation effect="slide" end="0,-90" time="300" tween="sine" easing="inout" condition="$EXP[infodialog_active]">conditional</animation>
                <animation effect="fade" start="0" end="100" time="300">WindowOpen</animation>
                <animation effect="fade" start="100" end="0" time="200">WindowClose</animation>-->
                <top>30</top>
                <left>0</left>
                <control type="label">
                    <width>462</width>
                    <align>center</align>
                    <font>font_Logo</font>
                    <color>white</color>
                    <label>$LOCALIZE[31990]</label>
                </control>
                <control type="label">
                    <top>74</top>
                    <width>462</width>
                    <align>center</align>
                    <font>font34</font>
                    <color>white</color>
                    <label>[B]$LOCALIZE[31991][/B]</label>
                </control>
            </control>
        </control>
        <control type="textbox">
            <description>Tooltip (bottom)</description>
            <left>502</left>
            <right>40</right>
            <bottom>40</bottom>
            <height>120</height>
            <align>left</align>
            <aligny>center</aligny>
            <font>font42</font>
            <label>$VAR[Var_HomeTip]</label>
        </control>
        <control type="group">
            <description>Separator images</description>
            <left>10</left>
            <width>442</width>
            <control type="image">
                <top>155</top>
                <height>3</height>
                <texture colordiffuse="AAAAAAAA" border="3">dialogs/separator-grey.png</texture>
            </control>
            <control type="image">
                <top>242</top>
                <height>3</height>
                <texture colordiffuse="AAAAAAAA" border="3">dialogs/separator-grey.png</texture>
            </control>
            <control type="image">
                <top>445</top>
                <height>3</height>
                <texture colordiffuse="AAAAAAAA" border="3">dialogs/separator-grey.png</texture>
            </control>
            <control type="image">
                <bottom>140</bottom>
                <height>3</height>
                <texture colordiffuse="AAAAAAAA" border="3">dialogs/separator-grey.png</texture>
            </control>
        </control>
    </controls>
</window>
