<?xml version="1.0" encoding="UTF-8"?>
<addon id="skin.armaniflix" version="0.1.1" name="ArmaniFlix" provider-name="Sisyphus Sam">
	<requires>
		<import addon="xbmc.gui" version="5.16.0"/>
		<import addon="plugin.video.armaniflix" version="0.1.0" />
		<import addon="script.module.cocoscrapers" version="1.0.12" />
		<import addon="service.subtitles.a4ksubtitles" version="3.0.0" />
	</requires>
	<extension point="xbmc.gui.skin" debugging="false">
		<res width="1920" height="1440" aspect="4:3" default="false" folder="xml" />
		<res width="1920" height="1280" aspect="3:2" default="false" folder="xml" />
		<res width="1920" height="1200" aspect="16:10" default="false" folder="xml" />
		<res width="2040" height="1080" aspect="17:9" default="false" folder="xml" />
		<res width="1920" height="1080" aspect="16:9" default="true" folder="xml" />
		<res width="2560" height="1080" aspect="21:9" default="false" folder="xml" />
		<res width="2338" height="1080" aspect="19.5:9" default="false" folder="xml" />
		<res width="2160" height="1080" aspect="18:9" default="false" folder="xml" />
	</extension>
	<extension point="xbmc.addon.metadata">
		<platform>all</platform>
		<license>CC BY-SA 4.0, GNU GENERAL PUBLIC LICENSE Version 2.0</license>
		<assets>
			<icon>resources/icon.png</icon>
			<fanart>resources/fanart.jpg</fanart>
		</assets>
		<summary lang="en_GB">A debrid streaming skin by Sam.</summary>
		<description lang="en_GB">Stream nearly any movie or TV show.</description>
	</extension>
</addon>
