<?xml version="1.0" encoding="utf-8"?>
<window type="window" id="1113">
    <defaultcontrol always="true">1000</defaultcontrol>
    <onload>RunPlugin(plugin://plugin.video.armaniflix/?mode=advanced_search&amp;action=load)</onload>
    <onunload>RunPlugin(plugin://plugin.video.armaniflix/?mode=advanced_search&amp;action=unload)</onunload>
    <controls>
        <include>DefaultBackground</include>
        <include content="TopBar">
            <param name="breadcrumbs_label" value=""/>
        </include>
    </controls>
</window>