<?xml version="1.0" encoding="UTF-8"?>
<window>
    <onload condition="Player.HasMedia">Stop</onload>
    <onload condition="String.IsEqual(Window.Property(logged_in),true)">SetFocus(600)</onload>
    <defaultcontrol condition="String.IsEqual(Window.Property(logged_in),true)">600</defaultcontrol>
    <defaultcontrol condition="!String.IsEqual(Window.Property(logged_in),true)">500</defaultcontrol>
    <backgroundcolor>background</backgroundcolor>
    <controls>
        <control type="button" id="30000">
            <include>HiddenObject</include>
            <onclick>noop</onclick>
            <visible allowhiddenfocus="true">Control.HasFocus(30000)</visible>
        </control>
        <control type="button" id="20000">
            <include>HiddenObject</include>
            <!--<animation effect="fade" time="300" start="100" end="0">Focus</animation>-->
            <onfocus>SetFocus(2000)</onfocus>
            <onclick>noop</onclick>
            <visible allowhiddenfocus="true">Control.HasFocus(20000)</visible>
        </control>
        <control type="button" id="20001">
            <include>HiddenObject</include>
            <!--<animation effect="fade" time="300" start="100" end="0">Focus</animation>-->
            <onfocus>SetFocus(2000)</onfocus>
            <onclick>noop</onclick>
            <visible allowhiddenfocus="true">Control.HasFocus(20001)</visible>
        </control>
        <control type="image">
            <depth>DepthBackground</depth>
            <include>FullScreenDimensions</include>
            <aspectratio>scale</aspectratio>
            <texture colordiffuse="primary_background">special://skin/extras/backgrounds/primary.jpg</texture>
        </control>
        <control type="group">
            <visible>String.IsEqual(Window.Property(logged_in),true)</visible>
            <width>520</width>
            <height>100%</height>
            <control type="image">
				<description>Content panel</description>
                <texture colordiffuse="EDFFFFFF">lists/panel.png</texture>
            </control>
            <include content="ArmaniLogo">
                <param name="top" value="40" />
            </include>
            <control type="grouplist" id="600">
                <orientation>vertical</orientation>
                <left>10</left>
                <right>10</right>
                <top>160</top>
                <bottom>50</bottom>
                <include content="HomeSeparator">
                    <param name="id" value="601" />
                </include>
                <include content="HomeMenuButton">
                    <param name="id" value="602" />
                    <param name="label" value="[COLOR cornsilk][I]$VAR[Var_UserName][/I][/COLOR]" />
                    <param name="textoffset" value="10" />
                    <param name="align" value="center" />
                    <param name="onclick_1" value="RunPlugin(plugin://plugin.video.armaniflix/?mode=armani_users&amp;action=select_user)" />
                </include>
                <include content="HomeSeparator">
                    <param name="id" value="603" />
                </include>
                <include content="HomeMenuButton">
                    <param name="id" value="604" />
                    <param name="label" value="MOVIES" />
                    <param name="icon" value="icons/sidemenu/movies.png" />
                    <param name="onclick_1" value="RunPlugin(plugin://plugin.video.armaniflix/?mode=armani_menu&amp;action=movies)" />
                </include>
                <include content="HomeMenuButton">
                    <param name="id" value="605" />
                    <param name="label" value="TV SHOWS" />
                    <param name="icon" value="icons/sidemenu/tv.png" />
                    <param name="onclick_1" value="RunPlugin(plugin://plugin.video.armaniflix/?mode=armani_menu&amp;action=tvshows)" />
                </include>
                <include content="HomeMenuButton">
                    <param name="id" value="606" />
                    <param name="label" value="CELEBRITIES" />
                    <param name="icon" value="defaultactor.png" />
                    <param name="onclick_1" value="RunPlugin(plugin://plugin.video.armaniflix/?mode=armani_menu&amp;action=people)" />
                </include>
                <include content="HomeSeparator">
                    <param name="id" value="607" />
                </include>
                <include content="HomeMenuButton">
                    <param name="id" value="608" />
                    <param name="label" value="Search" />
                    <param name="icon" value="defaultmusicsearch.png" />
                    <param name="onclick_1" value="RunPlugin(plugin://plugin.video.armaniflix/?mode=armani_menu&amp;action=search_armani)" />
                </include>
                <include content="HomeSeparator">
                    <param name="id" value="610" />
                </include>
                <include content="HomeMenuButton">
                    <param name="id" value="611" />
                    <param name="label" value="Favorites" />
                    <param name="icon" value="defaultfavourites.png" />
                    <param name="onclick_1" value="RunPlugin(plugin://plugin.video.armaniflix/?mode=armani_user_list&amp;action=favorites)" />
                </include>
                <include content="HomeMenuButton">
                    <param name="id" value="612" />
                    <param name="label" value="History" />
                    <param name="icon" value="defaultyear.png" />
                    <param name="onclick_1" value="RunPlugin(plugin://plugin.video.armaniflix/?mode=armani_user_list&amp;action=watched)" />
                </include>
                <include content="HomeSeparator">
                    <param name="id" value="613" />
                </include>
                <include content="HomeMenuButton">
                    <param name="id" value="614" />
                    <param name="label" value="System" />
                    <param name="icon" value="icons/settings/system.png" />
                    <param name="onclick_1" value="RunPlugin(plugin://plugin.video.armaniflix/?mode=armani_menu&amp;action=system)" />
                </include>
            </control>

        </control>

        <control type="group">
            <visible>!String.IsEqual(Window.Property(logged_in),true)</visible>
            <description>Login screen</description>
            <centertop>50%</centertop>
			<right>1000</right>
			<width>500</width>
			<height>310</height>
			<control type="image">
				<description>Content panel</description>
                <texture colordiffuse="EDFFFFFF">lists/panel.png</texture>
            </control>
			<control type="group">
				<left>10</left>
				<right>10</right>
				<top>10</top>
				<bottom>10</bottom>
                <include>ArmaniLogo</include>
				<control type="group">
					<description>Buttons</description>
					<top>130</top>
					<bottom>0</bottom>
					<control type="list" id="500">
						<orientation>vertical</orientation>
						<scrolltime tween="cubic" easing="out">500</scrolltime>
						<focusedlayout height="80">
							<control type="image">
								<left>0</left>
								<top>0</top>
								<height>80</height>
								<texture colordiffuse="button_focus">lists/focus.png</texture>
							</control>
							<control type="label">
								<left>85</left>
								<right>85</right>
								<top>0</top>
								<height>80</height>
								<align>center</align>
								<aligny>center</aligny>
								<font>font_list</font>
								<textcolor>white</textcolor>
								<label>$INFO[ListItem.Label]</label>
								<shadowcolor>text_shadow</shadowcolor>
							</control>
						</focusedlayout>
						<itemlayout height="80">
							<control type="label">
								<left>85</left>
								<right>85</right>
								<top>0</top>
								<height>80</height>
								<align>center</align>
								<aligny>center</aligny>
								<font>font_list</font>
								<textcolor>lightgrey</textcolor>
								<label>$INFO[ListItem.Label]</label>
								<shadowcolor>text_shadow</shadowcolor>
							</control>
						</itemlayout>
						<content>
							<item>
								<label>Sign In</label>
								<onclick>RunPlugin(plugin://plugin.video.armaniflix/?mode=armani_users&amp;action=startup&amp;master_user=$INFO[Container(52).ListItem.Label])</onclick>
							</item>
							<item>
								<label>Exit</label>
								<onclick>Quit()</onclick>
							</item>
						</content>
					</control>
				</control>
			</control>
        </control>

        <include content="TopBar">
            <param name="breadcrumbs_label" value=""/>
        </include>
        <control type="textbox">
            <description>Tooltip (bottom)</description>
            <left>502</left>
            <right>40</right>
            <bottom>40</bottom>
            <height>120</height>
            <align>left</align>
            <aligny>center</aligny>
            <font>font42</font>
            <label>$VAR[Var_HomeTip]</label>
        </control>
    </controls>
</window>
