<?xml version="1.0" encoding="UTF-8"?>
<includes>
	<include name="SimpleMenu">
		<param name="height">910</param>
		<param name="focus_position">5</param>
		<param name="movement">5</param>
		<definition>
			<include content="DetailMenuLayout">
				<param name="width" value="630" />
				<param name="height" value="$PARAM[height]" />
				<param name="menu_align" value="center" />
				<param name="focus_position" value="$PARAM[focus_position]" />
				<param name="movement" value="$PARAM[movement]" />
			</include>
		</definition>
	</include>
	<include name="DetailMenu">
		<param name="height">910</param>
		<definition>
			<include content="DetailMenuLayout">
				<param name="width" value="870" />
				<param name="height" value="$PARAM[height]" />
				<param name="label1_width">40%</param>
				<param name="label2_width">55%</param>
			</include>
		</definition>
	</include>
	<include name="AlphaMenu">
		<param name="height">440</param>
		<definition>
			<include content="ColumnSimpleSelectLayout">
				<param name="col_width" value="100" />
				<param name="width" value="600" />
				<param name="height" value="$PARAM[height]" />
			</include>
		</definition>
	</include>
	<include name="GenreMenu">
		<param name="height">440</param>
		<definition>
			<include content="ColumnSimpleSelectLayout">
				<param name="col_width" value="300" />
				<param name="width" value="1200" />
				<param name="height" value="$PARAM[height]" />
			</include>
		</definition>
	</include>
	<include name="DecadeMenu">
		<param name="height">440</param>
		<definition>
			<include content="ColumnSimpleSelectLayout">
				<param name="col_width" value="170" />
				<param name="width" value="680" />
				<param name="height" value="$PARAM[height]" />
			</include>
		</definition>
	</include>
	<include name="DoubleLineSelectLayout">
		<param name="height">410</param>
		<param name="width">870</param>
		<definition>
			<control type="group">
				<centerleft>50%</centerleft>
				<centertop>50%</centertop>
				<width>$PARAM[width]</width>
				<height>$PARAM[height]</height>
				<include content="DialogBackgroundCommons">
					<param name="width" value="$PARAM[width]" />
					<param name="height" value="$PARAM[height]" />
					<param name="header_label" value="" />
					<param name="header_id" value="1" />
				</include>
				<control type="image">
					<left>0</left>
					<top>70</top>
					<right>0</right>
					<bottom>0</bottom>
					<texture border="40">buttons/dialogbutton-nofo.png</texture>
				</control>
				<control type="group">
					<top>$PARAM[height]</top>
					<width>300</width>
					<height>100</height>
					<centerleft>50%</centerleft>
					<control type="image">
						<visible>Control.IsVisible(5)</visible>
						<top>15</top>
						<bottom>15</bottom>
						<left>15</left>
						<right>15</right>
						<texture colordiffuse="dialog_tint">colors/white.png</texture>
					</control>
					<control type="button" id="5">
						<onup>3</onup>
						<ondown>3</ondown>
						<font>font25_title</font>
						<textoffsetx>20</textoffsetx>
						<align>center</align>
						<texturefocus border="40" colordiffuse="button_focus">buttons/dialogbutton-fo.png</texturefocus>
						<texturenofocus border="40" colordiffuse="button_focus">buttons/button-alt-nofo.png</texturenofocus>
					</control>
				</control>
				<control type="list" id="3">
					<left>20</left>
					<right>20</right>
					<top>90</top>
					<bottom>20</bottom>
					<onup condition="Control.IsVisible(5)">5</onup>
					<onup condition="!Control.IsVisible(5)">3</onup>
					<ondown condition="Control.IsVisible(5)">5</ondown>
					<ondown condition="!Control.IsVisible(5)">3</ondown>
					<onleft>PageUp</onleft>
					<onright>PageDown</onright>
					<scrolltime>200</scrolltime>
					<itemlayout height="100">
						<control type="group">
							<left>20</left>
							<right>20</right>
							<control type="label">
								<top>0</top>
								<font>font42</font>
								<aligny>top</aligny>
								<textcolor>white</textcolor>
								<label>$INFO[ListItem.Label]</label>
							</control>
							<control type="label">
								<top>40</top>
								<font>font37</font>
								<aligny>center</aligny>
								<textcolor>lightyellow</textcolor>
								<label>$INFO[ListItem.Label2]</label>
							</control>
						</control>
					</itemlayout>
					<focusedlayout height="100">
						<control type="image">
							<left>0</left>
							<top>0</top>
							<right>0</right>
							<bottom>0</bottom>
							<texture colordiffuse="button_focus">lists/focus.png</texture>
							<visible>Control.HasFocus(3)</visible>
						</control>
						<control type="group">
							<left>20</left>
							<right>20</right>
							<control type="label">
								<top>0</top>
								<font>font42</font>
								<aligny>top</aligny>
								<textcolor>white</textcolor>
								<label>$INFO[ListItem.Label]</label>
							</control>
							<control type="label">
								<top>40</top>
								<font>font37</font>
								<aligny>center</aligny>
								<textcolor>lightyellow</textcolor>
								<scroll>True</scroll>
								<label>$INFO[ListItem.Label2]</label>
							</control>
						</control>
					</focusedlayout>
				</control>
			</control>
		</definition>
	</include>

	<include name="ColumnSimpleSelectLayout">
		<param name="col_width">320</param>
		<param name="col_height">70</param>
		<param name="width">1280</param>
		<param name="height">650</param>
		<param name="orientation">vertical</param>
		<definition>
			<control type="group">
				<centerleft>50%</centerleft>
				<centertop>50%</centertop>
				<width>$PARAM[width]</width>
				<height>$PARAM[height]</height>
				<include content="DialogBackgroundCommons">
					<param name="width" value="$PARAM[width]" />
					<param name="height" value="$PARAM[height]" />
					<param name="header_label" value="" />
					<param name="header_id" value="1" />
					<param name="header_align" value="center" />
				</include>
				<control type="group">
					<top>$PARAM[height]</top>
					<width>300</width>
					<height>100</height>
					<centerleft>50%</centerleft>
					<control type="image">
						<visible>Control.IsVisible(5)</visible>
						<top>15</top>
						<bottom>15</bottom>
						<left>15</left>
						<right>15</right>
						<texture colordiffuse="dialog_tint">colors/white.png</texture>
					</control>
					<control type="button" id="5">
						<onup>3</onup>
						<ondown>3</ondown>
						<font>font25_title</font>
						<textoffsetx>20</textoffsetx>
						<align>center</align>
						<texturefocus border="40" colordiffuse="button_focus">buttons/dialogbutton-fo.png</texturefocus>
						<texturenofocus border="40" colordiffuse="button_focus">buttons/button-alt-nofo.png</texturenofocus>
					</control>
				</control>
				<control type="group">
					<top>80</top>
					<bottom>10</bottom>
					<control type="panel" id="3">
						<width>100%</width>
						<height>100%</height>
						<onup>5</onup>
						<ondown>5</ondown>
						<onleft>noop</onleft>
						<onright>noop</onright>
						<orientation>$PARAM[orientation]</orientation>
						<scrolltime tween="sine">200</scrolltime>
						<itemlayout height="$PARAM[col_height]" width="$PARAM[col_width]">
							<control type="group">
								<left>10</left>
								<right>10</right>
								<control type="label">
									<align>center</align>
									<aligny>center</aligny>
									<font>font42</font>
									<textcolor>lightgrey</textcolor>
									<label>$INFO[ListItem.Label]</label>
								</control>
							</control>
						</itemlayout>
						<focusedlayout height="$PARAM[col_height]" width="$PARAM[col_width]">
							<control type="group">
								<left>10</left>
								<right>10</right>
								<control type="image">
									<texture colordiffuse="button_focus">lists/focus.png</texture>
									<visible>Control.HasFocus(3)</visible>
								</control>
								<control type="label">
									<align>center</align>
									<aligny>center</aligny>
									<font>font42</font>
									<textcolor>white</textcolor>
									<label>$INFO[ListItem.Label]</label>
								</control>
							</control>
						</focusedlayout>
					</control>
				</control>
			</control>
		</definition>
	</include>

	<include name="InfoSelectLayout">
		<param name="width">1600</param>
		<param name="height">910</param>
		<definition>
			<control type="group">
				<centerleft>50%</centerleft>
				<centertop>50%</centertop>
				<width>$PARAM[width]</width>
				<height>$PARAM[height]</height>
				<include content="DialogBackgroundCommons">
					<param name="width" value="$PARAM[width]" />
					<param name="height" value="$PARAM[height]" />
					<param name="header_label" value="" />
					<param name="header_id" value="1" />
					<param name="header_align" value="center" />
				</include>
				<control type="group">
					<description>Plot Panel</description>
					<left>40</left>
					<top>105</top>
					<bottom>30</bottom>
					<width>580</width>
					<control type="textbox">
						<top>0</top>
						<bottom>0</bottom>
						<align>left</align>
						<aligny>top</aligny>
						<font>font38</font>
						<autoscroll>false</autoscroll>
						<label>$VAR[SelectLabel][CR]$INFO[Container(3).ListItem.Property(info)]</label>
					</control>
				</control>
				<control type="group">
					<left>640</left>
					<right>20</right>
					<top>85</top>
					<bottom>15</bottom>
					<control type="image">
						<left>0</left>
						<top>0</top>
						<right>0</right>
						<texture border="40">buttons/dialogbutton-nofo.png</texture>
					</control>
					<control type="fixedlist" id="3">
						<focusposition>5</focusposition>
						<movement>5</movement>
						<left>20</left>
						<right>20</right>
						<top>20</top>
						<bottom>20</bottom>
						<onup>3</onup>
						<ondown>3</ondown>
						<onleft>PageUp</onleft>
						<onright>PageDown</onright>
						<scrolltime>200</scrolltime>
						<itemlayout height="70">
							<control type="label">
								<left>20</left>
								<right>20</right>
								<font>font42</font>
								<align>left</align>
								<aligny>center</aligny>
								<textcolor>white</textcolor>
								<label>$INFO[ListItem.Label]</label>
							</control>
						</itemlayout>
						<focusedlayout height="70">
							<control type="image">
								<left>0</left>
								<top>0</top>
								<right>0</right>
								<bottom>0</bottom>
								<texture colordiffuse="button_focus">lists/focus.png</texture>
								<visible>Control.HasFocus(3)</visible>
							</control>
							<control type="label">
								<left>20</left>
								<right>20</right>
								<font>font42</font>
								<align>left</align>
								<aligny>center</aligny>
								<textcolor>white</textcolor>
								<label>$INFO[ListItem.Label]</label>
							</control>
						</focusedlayout>
					</control>
				</control>
			</control>
		</definition>

	</include>

	<include name="DetailMenuLayout">
		<param name="height">840</param>
		<param name="width">1000</param>
		<param name="label1_width">54%</param>
		<param name="label2_width">44%</param>
		<param name="menu_align">left</param>
		<param name="label2_align">right</param>
		<param name="focus_position">5</param>
		<param name="movement">5</param>
		<param name="scroll">True</param>
		<definition>
			<control type="group">
				<centerleft>50%</centerleft>
				<centertop>50%</centertop>
				<width>$PARAM[width]</width>
				<height>$PARAM[height]</height>
				<include content="DialogBackgroundCommons">
					<param name="width" value="$PARAM[width]" />
					<param name="height" value="$PARAM[height]" />
					<param name="header_label" value="" />
					<param name="header_align" value="$PARAM[menu_align]" />
					<param name="header_id" value="1" />
				</include>
				<control type="image">
					<left>0</left>
					<top>85</top>
					<right>0</right>
					<bottom>15</bottom>
					<texture border="40">buttons/dialogbutton-nofo.png</texture>
				</control>
				<control type="group">
					<top>$PARAM[height]</top>
					<width>300</width>
					<height>100</height>
					<centerleft>50%</centerleft>
					<control type="image">
						<visible>Control.IsVisible(5)</visible>
						<top>15</top>
						<bottom>15</bottom>
						<left>15</left>
						<right>15</right>
						<texture colordiffuse="dialog_tint">colors/white.png</texture>
					</control>
					<control type="button" id="5">
						<onup>SetFocus(3,99)</onup>
						<ondown>SetFocus(3,0)</ondown>
						<font>font25_title</font>
						<textoffsetx>20</textoffsetx>
						<align>center</align>
						<texturefocus border="40" colordiffuse="button_focus">buttons/dialogbutton-fo.png</texturefocus>
						<texturenofocus border="40" colordiffuse="button_focus">buttons/button-alt-nofo.png</texturenofocus>
					</control>
				</control>
				<control type="fixedlist" id="3">
					<focusposition>$PARAM[focus_position]</focusposition>
					<movement>$PARAM[movement]</movement>
					<left>20</left>
					<right>20</right>
					<top>105</top>
					<bottom>35</bottom>
					<onup condition="Control.IsVisible(5)">5</onup>
					<onup condition="!Control.IsVisible(5)">3</onup>
					<ondown condition="Control.IsVisible(5)">5</ondown>
					<ondown condition="!Control.IsVisible(5)">3</ondown>
					<onleft>PageUp</onleft>
					<onright>PageDown</onright>
					<scrolltime>200</scrolltime>
					<itemlayout height="70">
						<control type="label">
							<left>20</left>
							<right>20</right>
							<font>font42</font>
							<align>$PARAM[menu_align]</align>
							<aligny>center</aligny>
							<textcolor>white</textcolor>
							<label>$INFO[ListItem.Label]</label>
						</control>
					</itemlayout>
					<focusedlayout height="70">
						<control type="image">
							<left>0</left>
							<top>0</top>
							<right>0</right>
							<bottom>0</bottom>
							<texture colordiffuse="button_focus">lists/focus.png</texture>
							<visible>Control.HasFocus(3)</visible>
						</control>
						<control type="label">
							<left>20</left>
							<right>20</right>
							<font>font42</font>
							<align>$PARAM[menu_align]</align>
							<aligny>center</aligny>
							<textcolor>white</textcolor>
							<scroll>$PARAM[scroll]</scroll>
							<label>$INFO[ListItem.Label]</label>
						</control>
					</focusedlayout>
				</control>
				<control type="list" id="6">
					<left>20</left>
					<right>20</right>
					<top>105</top>
					<bottom>35</bottom>
					<onup>6</onup>
					<ondown>6</ondown>
					<onleft>PageUp</onleft>
					<onright>PageDown</onright>
					<scrolltime>200</scrolltime>
					<itemlayout height="70">
						<control type="label">
							<left>20</left>
							<width>$PARAM[label1_width]</width>
							<font>font42</font>
							<align>left</align>
							<aligny>center</aligny>
							<textcolor>white</textcolor>
							<label>$INFO[ListItem.Label]</label>
						</control>
						<control type="label">
							<right>20</right>
							<width>$PARAM[label2_width]</width>
							<font>font37</font>
							<align>$PARAM[label2_align]</align>
							<aligny>center</aligny>
							<textcolor>lightgrey</textcolor>
							<label>$INFO[ListItem.Label2]</label>
						</control>
					</itemlayout>
					<focusedlayout height="70">
						<control type="image">
							<left>0</left>
							<top>0</top>
							<right>0</right>
							<bottom>0</bottom>
							<texture colordiffuse="button_focus">lists/focus.png</texture>
							<visible>Control.HasFocus(6)</visible>
						</control>
						<control type="label">
							<left>20</left>
							<width>$PARAM[label1_width]</width>
							<font>font42</font>
							<align>left</align>
							<aligny>center</aligny>
							<textcolor>white</textcolor>
							<scroll>$PARAM[scroll]</scroll>
							<label>$INFO[ListItem.Label]</label>
						</control>
						<control type="label">
							<right>20</right>
							<width>$PARAM[label2_width]</width>
							<font>font37</font>
							<align>$PARAM[label2_align]</align>
							<aligny>center</aligny>
							<textcolor>lightgrey</textcolor>
							<scroll>$PARAM[scroll]</scroll>
							<label>$INFO[ListItem.Label2]</label>
						</control>
					</focusedlayout>
				</control>
				<control type="image">
					<centerleft>50%</centerleft>
					<top>75</top>
					<width>50</width>
					<height>25</height>
					<texture colordiffuse="lightgrey" flipy="true">overlays/arrowdown.png</texture>
					<visible>[Container(6).HasPrevious + Control.IsVisible(6)] | [Container(3).HasPrevious + Control.IsVisible(3)]</visible>
				</control>
				<control type="image">
					<centerleft>50%</centerleft>
					<bottom>5</bottom>
					<width>50</width>
					<height>25</height>
					<texture colordiffuse="lightgrey">overlays/arrowdown.png</texture>
					<visible>[Container(6).HasNext + Control.IsVisible(6)] | [Container(3).HasNext + Control.IsVisible(3)]</visible>
				</control>
			</control>
		</definition>
	</include>
	<include name="DefaultDialogSelectLayout">
		<param name="width">1000</param>
		<param name="height">890</param>
		<param name="footer_visible">true</param>
		<definition>
			<control type="group">
				<centertop>50%</centertop>
				<centerleft>50%</centerleft>
				<height>$PARAM[height]</height>
				<width>$PARAM[width]</width>
				<include content="DialogBackgroundCommons">
					<param name="width" value="$PARAM[width]" />
					<param name="height" value="$PARAM[height]" />
					<param name="header_label" value="" />
					<param name="header_id" value="1" />
				</include>
				<control type="image">
					<left>0</left>
					<top>70</top>
					<right>0</right>
					<bottom>80</bottom>
					<texture border="40">buttons/dialogbutton-nofo.png</texture>
				</control>
				<control type="list" id="3">
					<left>20</left>
					<right>20</right>
					<top>90</top>
					<bottom>90</bottom>
					<onup>9001</onup>
					<ondown>9001</ondown>
					<onleft>PageUp</onleft>
					<onright>PageDown</onright>
					<scrolltime>200</scrolltime>
					<itemlayout height="70">
						<control type="label">
							<left>20</left>
							<right>20</right>
							<font>font40</font>
							<aligny>center</aligny>
							<label>$INFO[ListItem.Label]</label>
						</control>
					</itemlayout>
					<focusedlayout height="70">
						<control type="image">
							<left>0</left>
							<top>0</top>
							<right>0</right>
							<bottom>0</bottom>
							<texture colordiffuse="button_focus">lists/focus.png</texture>
							<visible>Control.HasFocus(3)</visible>
						</control>
						<control type="label">
							<left>20</left>
							<right>20</right>
							<aligny>center</aligny>
							<font>font40</font>
							<label>$INFO[ListItem.Label]</label>
							<scroll>true</scroll>
						</control>
					</focusedlayout>
				</control>
				<control type="list" id="6">
					<left>20</left>
					<right>20</right>
					<top>90</top>
					<bottom>90</bottom>
					<onup>9001</onup>
					<ondown>9001</ondown>
					<onleft>PageUp</onleft>
					<onright>PageDown</onright>
					<scrolltime>200</scrolltime>
					<itemlayout height="70">
						<control type="group">
							<left>20</left>
							<right>20</right>
							<control type="label">
								<width>600</width>
								<font>font40</font>
								<aligny>center</aligny>
								<label>$INFO[ListItem.Label]</label>
							</control>
							<control type="label">
								<left>630</left>
								<font>font37</font>
								<align>left</align>
								<aligny>center</aligny>
								<textcolor>lightgrey</textcolor>
								<label>$INFO[ListItem.Label2]</label>
							</control>
						</control>
					</itemlayout>
					<focusedlayout height="70">
						<control type="image">
							<left>0</left>
							<top>0</top>
							<width>620</width>
							<bottom>0</bottom>
							<texture colordiffuse="button_focus">lists/focus.png</texture>
							<visible>Control.HasFocus(6)</visible>
						</control>
						<control type="group">
							<left>20</left>
							<right>20</right>
							<control type="label">
								<width>600</width>
								<font>font40</font>
								<aligny>center</aligny>
								<scroll>true</scroll>
								<label>$INFO[ListItem.Label]</label>
							</control>
							<control type="label">
								<left>630</left>
								<font>font37</font>
								<align>left</align>
								<aligny>center</aligny>
								<textcolor>lightgrey</textcolor>
								<scroll>true</scroll>
								<label>$INFO[ListItem.Label2]</label>
							</control>
						</control>
					</focusedlayout>
				</control>
				<control type="group">
					<bottom>10</bottom>
					<height>90</height>
					<control type="label">
						<visible>$PARAM[footer_visible]</visible>
						<right>20</right>
						<width>200</width>
						<font>font40</font>
						<align>right</align>
						<aligny>center</aligny>
						<textcolor>grey</textcolor>
						<label>$VAR[SelectLabel]</label>
					</control>
					<control type="grouplist" id="9001">
						<left>0</left>
						<right>0</right>
						<onup>SetFocus(3,99,Absolute)</onup>
						<ondown>SetFocus(3,0,Absolute)</ondown>
						<itemgap>-15</itemgap>
						<orientation>horizontal</orientation>
						<include content="DefaultDialogButton">
							<param name="id" value="5" />
							<param name="label" value="" />
						</include>
						<include content="DefaultDialogButton">
							<param name="id" value="8" />
							<param name="label" value="" />
						</include>
						<include content="DefaultDialogButton">
							<param name="id" value="7" />
							<param name="label" value="$LOCALIZE[222]" />
						</include>
					</control>
				</control>
			</control>
		</definition>
	</include>
	<include name="PlaylistContentLayout">
		<include content="PlaylistCommonControls">
			<param name="left" value="707" />
			<param name="width" value="1200" />
			<param name="header" value="$INFO[Window(home).Property(playlist_header)]" />
			<param name="info" value="$INFO[Window(home).Property(playlist_info)]" />
		</include>
		<control type="image">
			<top>165</top>
			<left>673</left>
			<width>30</width>
			<height>30</height>
			<texture>icons/keyboard/arrowleft.png</texture>
		</control>
		<control type="group">
			<left>707</left>
			<top>250</top>
			<width>1200</width>
			<bottom>20</bottom>
			<control type="panel" id="3">
				<orientation>vertical</orientation>
				<scrolltime>200</scrolltime>
				<onleft>SendClick(,5)</onleft>
				<onright>noop</onright>
				<onup>noop</onup>
				<ondown>noop</ondown>
				<itemlayout width="300" height="70">
					<control type="image">
						<left>2</left>
						<right>2</right>
						<top>2</top>
						<bottom>2</bottom>
						<texture>colors/white.png</texture>
					</control>
					<control type="group">
						<left>3</left>
						<right>3</right>
						<top>3</top>
						<bottom>3</bottom>
						<control type="image">
							<texture>colors/black.png</texture>
						</control>
						<control type="label">
							<left>20</left>
							<right>20</right>
							<font>font_menu_label</font>
							<align>center</align>
							<aligny>center</aligny>
							<textcolor>lightgrey</textcolor>
							<label>$INFO[ListItem.Label]</label>
						</control>
					</control>
				</itemlayout>
				<focusedlayout width="300" height="70">
					<control type="image">
						<left>2</left>
						<right>2</right>
						<top>2</top>
						<bottom>2</bottom>
						<texture colordiffuse="yellow">colors/white.png</texture>
					</control>
					<control type="group">
						<left>3</left>
						<right>3</right>
						<top>3</top>
						<bottom>3</bottom>
						<control type="image">
							<texture>colors/black.png</texture>
						</control>
						<control type="image">
							<texture colordiffuse="button_focus">colors/white.png</texture>
						</control>
						<control type="label">
							<left>20</left>
							<right>20</right>
							<font>font_menu_label</font>
							<align>center</align>
							<aligny>center</aligny>
							<textcolor>white</textcolor>
							<label>$INFO[ListItem.Label]</label>
						</control>
					</control>
				</focusedlayout>
			</control>
		</control>
	</include>
	<include name="GameDialogSelectSaveLayout">
		<control type="group">
			<centertop>50%</centertop>
			<centerleft>50%</centerleft>
			<height>750</height>
			<width>1220</width>
			<include content="DialogBackgroundCommons">
				<param name="width" value="1220" />
				<param name="height" value="780" />
				<param name="header_label" value="" />
				<param name="header_id" value="1" />
			</include>
			<control type="image">
				<left>0</left>
				<top>80</top>
				<width>920</width>
				<bottom>2</bottom>
				<texture border="40">buttons/dialogbutton-nofo.png</texture>
			</control>
			<control type="list" id="3">
				<left>20</left>
				<top>100</top>
				<width>880</width>
				<bottom>20</bottom>
				<onup>3</onup>
				<ondown>3</ondown>
				<onleft>9001</onleft>
				<onright>61</onright>
				<pagecontrol>61</pagecontrol>
				<scrolltime>200</scrolltime>
				<include content="DefaultSimpleListLayout">
					<param name="width" value="880" />
					<param name="list_id" value="3" />
				</include>
			</control>
			<control type="panel" id="6">
				<left>40</left>
				<top>100</top>
				<width>880</width>
				<bottom>20</bottom>
				<onup>6</onup>
				<ondown>6</ondown>
				<onleft>9001</onleft>
				<onright>61</onright>
				<pagecontrol>61</pagecontrol>
				<scrolltime>200</scrolltime>
				<itemlayout height="300" width="420">
					<control type="image">
						<left>10</left>
						<top>7</top>
						<width>400</width>
						<height>220</height>
						<texture>$INFO[ListItem.Icon]</texture>
						<aspectratio>keep</aspectratio>
					</control>
					<control type="label">
						<left>0</left>
						<top>240</top>
						<right>20</right>
						<height>20</height>
						<font>font14</font>
						<align>center</align>
						<aligny>center</aligny>
						<label>$INFO[ListItem.Label]</label>
					</control>
					<control type="textbox">
						<left>0</left>
						<top>260</top>
						<right>20</right>
						<height>40</height>
						<font>font10</font>
						<align>center</align>
						<aligny>center</aligny>
						<textcolor>grey</textcolor>
						<label>$INFO[ListItem.Label2]</label>
					</control>
				</itemlayout>
				<focusedlayout height="300" width="420">
					<control type="image">
						<left>0</left>
						<top>0</top>
						<right>0</right>
						<bottom>0</bottom>
						<texture colordiffuse="button_focus">lists/focus.png</texture>
						<visible>Control.HasFocus(6)</visible>
					</control>
					<control type="image">
						<left>10</left>
						<top>7</top>
						<width>400</width>
						<height>220</height>
						<texture>$INFO[ListItem.Icon]</texture>
						<aspectratio>keep</aspectratio>
					</control>
					<control type="label">
						<left>0</left>
						<top>240</top>
						<right>20</right>
						<height>20</height>
						<align>center</align>
						<aligny>center</aligny>
						<scroll>true</scroll>
						<font>font14</font>
						<label>$INFO[ListItem.Label]</label>
					</control>
					<control type="textbox">
						<left>0</left>
						<top>260</top>
						<right>20</right>
						<height>40</height>
						<font>font10</font>
						<align>center</align>
						<aligny>center</aligny>
						<label>$INFO[ListItem.Label2]</label>
					</control>
				</focusedlayout>
			</control>
			<control type="scrollbar" id="61">
				<left>910</left>
				<top>100</top>
				<width>12</width>
				<bottom>20</bottom>
				<onleft condition="Control.IsVisible(3)">3</onleft>
				<onleft condition="Control.IsVisible(6)">6</onleft>
				<onright>9001</onright>
				<orientation>vertical</orientation>
			</control>
			<control type="label">
				<left>925</left>
				<bottom>10</bottom>
				<width>275</width>
				<height>35</height>
				<font>font12</font>
				<align>right</align>
				<textcolor>grey</textcolor>
				<label>$VAR[SelectLabel]</label>
			</control>
			<control type="grouplist" id="9001">
				<left>920</left>
				<top>80</top>
				<onleft>61</onleft>
				<itemgap>dialogbuttons_itemgap</itemgap>
				<onright>3</onright>
				<include content="DefaultDialogButton">
					<param name="id" value="5" />
					<param name="label" value="" />
				</include>
				<include content="DefaultDialogButton">
					<param name="id" value="7" />
					<param name="label" value="$LOCALIZE[222]" />
				</include>
			</control>
			<control type="label" id="12">
				<description>Caption area</description>
				<left>14</left>
				<right>14</right>
				<bottom>0</bottom>
				<height>20</height>
				<font>font12</font>
				<align>left</align>
				<shadowcolor>text_shadow</shadowcolor>
				<autoscroll time="3000" delay="5000" repeat="5000">true</autoscroll>
				<label></label>
			</control>
		</control>
	</include>
	<include name="GameDialogSelectFilterLayout">
		<control type="button">
			<description>background close area</description>
			<left>0</left>
			<top>0</top>
			<width>100%</width>
			<bottom>540</bottom>
			<texturefocus />
			<texturenofocus />
			<onclick>Action(close)</onclick>
		</control>
		<control type="group">
			<bottom>0</bottom>
			<height>540</height>
			<width>100%</width>
			<control type="image">
				<animation effect="fade" start="0" end="100" time="300">WindowOpen</animation>
				<animation effect="fade" start="100" end="0" time="300">WindowClose</animation>
				<texture colordiffuse="E6FFFFFF">dialogs/dialog-bg-nobo.png</texture>
			</control>
			<control type="panel" id="11">
				<top>30</top>
				<scrolltime tween="sine">200</scrolltime>
				<orientation>horizontal</orientation>
				<itemlayout width="480" height="340">
					<control type="group">
						<left>18</left>
						<right>18</right>
						<top>5</top>
						<control type="image">
							<width>444</width>
							<height>250</height>
							<aspectratio>scale</aspectratio>
							<texture border="4">DefaultVideo.png</texture>
							<bordertexture colordiffuse="border_alpha">colors/black.png</bordertexture>
							<bordersize>4</bordersize>
						</control>
						<control type="gamewindow">
							<width>444</width>
							<height>250</height>
							<videofilter>$INFO[ListItem.Property(game.videofilter)]</videofilter>
							<stretchmode>$INFO[ListItem.Property(game.stretchmode)]</stretchmode>
							<rotation>$INFO[ListItem.Property(game.videorotation)]</rotation>
						</control>
						<control type="label">
							<top>250</top>
							<width>444</width>
							<height>80</height>
							<label>$INFO[ListItem.Label][CR][COLOR grey]$INFO[ListItem.Label2][/COLOR]</label>
							<font>font37</font>
							<shadowcolor>text_shadow</shadowcolor>
							<align>center</align>
						</control>
					</control>
				</itemlayout>
				<focusedlayout width="480" height="340">
					<control type="group">
						<left>18</left>
						<right>18</right>
						<top>5</top>
						<control type="image">
							<width>444</width>
							<height>250</height>
							<aspectratio>scale</aspectratio>
							<texture border="4">DefaultVideo.png</texture>
							<bordertexture colordiffuse="border_alpha">colors/black.png</bordertexture>
							<bordersize>4</bordersize>
						</control>
						<control type="gamewindow">
							<width>444</width>
							<height>250</height>
							<videofilter>$INFO[ListItem.Property(game.videofilter)]</videofilter>
							<stretchmode>$INFO[ListItem.Property(game.stretchmode)]</stretchmode>
							<rotation>$INFO[ListItem.Property(game.videorotation)]</rotation>
						</control>
						<control type="label">
							<top>250</top>
							<width>444</width>
							<height>80</height>
							<label>$INFO[ListItem.Label][CR][COLOR grey]$INFO[ListItem.Label2][/COLOR]</label>
							<font>font37</font>
							<shadowcolor>text_shadow</shadowcolor>
							<align>center</align>
						</control>
						<control type="image">
							<width>444</width>
							<height>250</height>
							<texture border="8" colordiffuse="button_focus">buttons/thumbnail_focused.png</texture>
							<visible>Control.HasFocus(11)</visible>
						</control>
					</control>
				</focusedlayout>
			</control>
			<control type="textbox" id="12">
				<description>Description Area</description>
				<top>410</top>
				<left>100</left>
				<right>100</right>
				<height>200</height>
				<font>font37</font>
				<align>justify</align>
				<shadowcolor>text_shadow</shadowcolor>
				<autoscroll time="3000" delay="5000" repeat="5000">true</autoscroll>
			</control>
		</control>
	</include>
	<include name="GameDialogSelectViewLayout">
		<control type="button">
			<description>background close area</description>
			<left>0</left>
			<top>0</top>
			<width>100%</width>
			<bottom>410</bottom>
			<texturefocus />
			<texturenofocus />
			<onclick>Action(close)</onclick>
		</control>
		<control type="group">
			<bottom>0</bottom>
			<height>410</height>
			<width>100%</width>
			<control type="image">
				<animation effect="fade" start="0" end="100" time="300">WindowOpen</animation>
				<animation effect="fade" start="100" end="0" time="300">WindowClose</animation>
				<texture colordiffuse="E6FFFFFF">dialogs/dialog-bg-nobo.png</texture>
			</control>
			<control type="panel" id="11">
				<top>30</top>
				<scrolltime tween="sine">200</scrolltime>
				<orientation>horizontal</orientation>
				<itemlayout width="480" height="340">
					<control type="group">
						<left>18</left>
						<right>18</right>
						<top>5</top>
						<control type="image">
							<width>444</width>
							<height>250</height>
							<aspectratio>scale</aspectratio>
							<texture border="4">DefaultVideo.png</texture>
							<bordertexture colordiffuse="border_alpha">colors/black.png</bordertexture>
							<bordersize>4</bordersize>
						</control>
						<control type="gamewindow">
							<width>444</width>
							<height>250</height>
							<videofilter>$INFO[ListItem.Property(game.videofilter)]</videofilter>
							<stretchmode>$INFO[ListItem.Property(game.stretchmode)]</stretchmode>
							<rotation>$INFO[ListItem.Property(game.videorotation)]</rotation>
						</control>
						<control type="label">
							<top>250</top>
							<width>444</width>
							<height>40</height>
							<label>$INFO[ListItem.Label][CR][COLOR grey]$INFO[ListItem.Label2][/COLOR]</label>
							<font>font37</font>
							<shadowcolor>text_shadow</shadowcolor>
							<align>center</align>
						</control>
					</control>
				</itemlayout>
				<focusedlayout width="480" height="340">
					<control type="group">
						<left>18</left>
						<right>18</right>
						<top>5</top>
						<control type="image">
							<width>444</width>
							<height>250</height>
							<aspectratio>scale</aspectratio>
							<texture border="4">DefaultVideo.png</texture>
							<bordertexture colordiffuse="border_alpha">colors/black.png</bordertexture>
							<bordersize>4</bordersize>
						</control>
						<control type="gamewindow">
							<width>444</width>
							<height>250</height>
							<videofilter>$INFO[ListItem.Property(game.videofilter)]</videofilter>
							<stretchmode>$INFO[ListItem.Property(game.stretchmode)]</stretchmode>
							<rotation>$INFO[ListItem.Property(game.videorotation)]</rotation>
						</control>
						<control type="label">
							<top>250</top>
							<width>444</width>
							<height>40</height>
							<label>$INFO[ListItem.Label][CR][COLOR grey]$INFO[ListItem.Label2][/COLOR]</label>
							<font>font37</font>
							<shadowcolor>text_shadow</shadowcolor>
							<align>center</align>
						</control>
						<control type="image">
							<width>444</width>
							<height>250</height>
							<texture border="8" colordiffuse="button_focus">buttons/thumbnail_focused.png</texture>
							<visible>Control.HasFocus(11)</visible>
						</control>
					</control>
				</focusedlayout>
			</control>
		</control>
	</include>
	<include name="GameDialogSelectSaveInGameLayout">
		<control type="button">
			<description>background close area</description>
			<left>0</left>
			<top>0</top>
			<width>100%</width>
			<bottom>540</bottom>
			<texturefocus />
			<texturenofocus />
			<onclick>Action(close)</onclick>
		</control>
		<control type="group">
			<bottom>0</bottom>
			<height>540</height>
			<width>100%</width>
			<control type="image">
				<animation effect="fade" start="0" end="100" time="300">WindowOpen</animation>
				<animation effect="fade" start="100" end="0" time="300">WindowClose</animation>
				<texture colordiffuse="E6FFFFFF">dialogs/dialog-bg-nobo.png</texture>
			</control>
			<control type="panel" id="11">
				<top>30</top>
				<scrolltime tween="sine">200</scrolltime>
				<orientation>horizontal</orientation>
				<itemlayout width="480" height="340">
					<control type="group">
						<left>18</left>
						<right>18</right>
						<top>5</top>
						<control type="image">
							<width>444</width>
							<height>250</height>
							<aspectratio>scale</aspectratio>
							<texture border="4">$INFO[ListItem.Icon]</texture>
							<bordertexture colordiffuse="border_alpha">colors/black.png</bordertexture>
							<bordersize>4</bordersize>
						</control>
						<control type="label">
							<top>250</top>
							<width>444</width>
							<height>80</height>
							<label>$INFO[ListItem.Label][CR][COLOR grey]$INFO[ListItem.Label2][/COLOR]</label>
							<font>font37</font>
							<shadowcolor>text_shadow</shadowcolor>
							<align>center</align>
						</control>
					</control>
				</itemlayout>
				<focusedlayout width="480" height="340">
					<control type="group">
						<left>18</left>
						<right>18</right>
						<top>5</top>
						<control type="image">
							<width>444</width>
							<height>250</height>
							<aspectratio>scale</aspectratio>
							<texture border="4">$INFO[ListItem.Icon]</texture>
							<bordertexture colordiffuse="border_alpha">colors/black.png</bordertexture>
							<bordersize>4</bordersize>
						</control>
						<control type="label">
							<top>250</top>
							<width>444</width>
							<height>80</height>
							<label>$INFO[ListItem.Label][CR][COLOR grey]$INFO[ListItem.Label2][/COLOR]</label>
							<font>font37</font>
							<shadowcolor>text_shadow</shadowcolor>
							<align>center</align>
						</control>
						<control type="image">
							<width>444</width>
							<height>250</height>
							<texture border="8" colordiffuse="button_focus">buttons/thumbnail_focused.png</texture>
							<visible>Control.HasFocus(11)</visible>
						</control>
					</control>
				</focusedlayout>
			</control>
			<control type="textbox" id="12">
				<description>Description Area</description>
				<top>410</top>
				<left>100</left>
				<right>100</right>
				<height>200</height>
				<font>font37</font>
				<align>justify</align>
				<shadowcolor>text_shadow</shadowcolor>
				<autoscroll time="3000" delay="5000" repeat="5000">true</autoscroll>
				<label>$INFO[ListItem.Property(savestate.caption)]</label>
			</control>
		</control>
	</include>
</includes>
