<?xml version="1.0" encoding="utf-8"?>
<window>
	<defaultcontrol always="true">1000</defaultcontrol>
	<include>Animation_DialogPopupOpenClose</include>
	<controls>
		<control type="scrollbar" id="3000">
			<include>HiddenObject</include>
			<ondown>3000</ondown>
			<onup>3000</onup>
		</control>
		<control type="button" id="1000">
			<left>-2000</left>
			<top>-2000</top>
			<width>6000</width>
			<height>6000</height>
			<texturefocus/>
			<texturenofocus/>
			<onclick>Action(close)</onclick>
			<onup>PageUp(3000)</onup>
			<ondown>PageDown(3000)</ondown>
		</control>
		<control type="group">
			<centerleft>50%</centerleft>
			<centertop>50%</centertop>
			<width>1600</width>
			<height>900</height>
			<include content="DialogBackgroundCommons">
				<param name="width" value="1600" />
				<param name="height" value="900" />
				<param name="header_label" value="$LOCALIZE[13406]" />
				<param name="header_id" value="1" />
			</include>
			<control type="group">
				<top>85</top>
				<left>30</left>
				<right>30</right>
				<bottom>10</bottom>
				<control type="textbox" id="5">
					<bottom>45</bottom>
					<shadowcolor>black</shadowcolor>
					<pagecontrol>3000</pagecontrol>
					<font>font38</font>
					<monofont>Mono26</monofont>
					<onup>PageUp(3000)</onup>
					<ondown>PageDown(3000)</ondown>
				</control>
				<control type="label">
					<bottom>0</bottom>
					<height>40</height>
					<font>font12</font>
					<textcolor>grey</textcolor>
					<align>right</align>
					<aligny>center</aligny>
					<label>$LOCALIZE[31035] [COLOR=button_focus]$INFO[Container(5).CurrentPage]/$INFO[Container(5).NumPages][/COLOR]</label>
					<wrapmultiline>true</wrapmultiline>
					<visible>Integer.IsGreater(Container(5).NumPages,1)</visible>
				</control>
			</control>
			<control type="button">
				<top>0</top>
				<height>50%</height>
				<onclick>PageUp(3000)</onclick>
				<onup>PageUp(3000)</onup>
				<ondown>PageDown(3000)</ondown>
				<texturefocus/>
				<texturenofocus/>
			</control>
			<control type="button">
				<bottom>0</bottom>
				<height>50%</height>
				<onclick>PageDown(3000)</onclick>
				<onup>PageUp(3000)</onup>
				<ondown>PageDown(3000)</ondown>
				<texturefocus/>
				<texturenofocus/>
			</control>
		</control>

		<!--<control type="button" id="1000">
			<include>HiddenObject</include>
			<onclick>Action(Close)</onclick>
			<onup>PageUp(3000)</onup>
			<ondown>PageDown(3000)</ondown>
		</control>-->
		<!--<control type="button">
			<centerleft>50%</centerleft>
			<top>113</top>
			<width>48</width>
			<height>20</height>
			<texturefocus colordiffuse="button_focus" flipy="true">overlays/arrowdown.png</texturefocus>
			<texturenofocus colordiffuse="button_focus" flipy="true">overlays/arrowdown.png</texturenofocus>
			<onclick>SetFocus(3000)</onclick>
			<onclick>Up</onclick>
		</control>
		<control type="button">
			<centerleft>50%</centerleft>
			<top>940</top>
			<width>48</width>
			<height>20</height>
			<onclick>SetFocus(3000)</onclick>
			<onclick>Down</onclick>
			<texturefocus colordiffuse="button_focus">overlays/arrowdown.png</texturefocus>
			<texturenofocus colordiffuse="button_focus">overlays/arrowdown.png</texturenofocus>
		</control>-->

	</controls>
</window>
