<?xml version="1.0" encoding="UTF-8"?>
<window>
	<defaultcontrol always="true">50</defaultcontrol>
	<backgroundcolor>background</backgroundcolor>
	<views>50</views>
	<menucontrol>9000</menucontrol>
	<controls>
		<include>DefaultBackground</include>
		<control type="group">
			<animation effect="fade" start="100" end="0" time="200" tween="sine" condition="$EXP[infodialog_active]">Conditional</animation>
			<include>View_50_List</include>
      
      <control type="group">
				<depth>DepthContentPanel</depth>
				<include>OpenClose_Left</include>
				<visible>Control.IsVisible(50)</visible>
				<include>Visible_Left</include>
				<include content="ContentPanel">
					<param name="width" value="656" />
				</include>
        <control type="group">
          <top>110</top>
          <left>30</left>
          <width>540</width>
          <control type="image">
            <description>separator image</description>
            <height>3</height>
            <texture colordiffuse="AAAAAAAA" border="3">dialogs/separator-grey.png</texture>
          </control>
          <control type="textbox">
            <top>10</top>
            <bottom>30</bottom>
            <label>$LOCALIZE[31200]</label>
          </control>
        </control>
      </control>
      
			<include content="TopBar">
				<param name="breadcrumbs_label" value="$LOCALIZE[1036]" />
			</include>
			<include content="BottomBar">
				<param name="info_visible" value="true" />
			</include>
			<include>CommonScrollbars</include>
			<include>MediaMenuMouseOverlay</include>
			<control type="group">
				<include>MediaMenuCommon</include>
				<control type="grouplist" id="9000">
					<top>50</top>
					<include>MediaMenuListCommon</include>
					<include>MediaMenuNowPlaying</include>
				</control>
			</control>
		</control>
	</controls>
</window>
