<?xml version="1.0" encoding="utf-8"?>
<window type="dialog" id="1112">
	<defaultcontrol always="true">1000</defaultcontrol>
	<include>Animation_BottomSlide</include>
	<zorder>0</zorder>
	<controls>
    <control type="group">
      <top>500</top>
      <left>20</left>
      <width>760</width>
      <height>300</height>
      
      <control type="image">
        <top>-15</top>
        <height>3</height>
        <texture colordiffuse="AAAAAAAA" border="3">dialogs/separator-grey.png</texture>
      </control>
      
      <control type="fixedlist" id="1000">
        <left>0</left>
        <width>500</width>
        <movement>4</movement>
        <focusposition>0</focusposition>
        <onleft>1001</onleft>
        <onright>1001</onright>
        <scrolltime tween="cubic" easing="out">500</scrolltime>
        <onclick condition="String.Contains(ListItem.FolderPath,menu_editor.shortcut_folder_make)">Back</onclick>
        <onclick condition="!String.Contains(ListItem.FolderPath,menu_editor.shortcut_folder_make)">Control.SetFocus(1001)</onclick>
        <focusedlayout height="60">
          <control type="image">
            <visible>!Control.HasFocus(1001)</visible>
            <left>0</left>
            <right>0</right>
            <top>0</top>
            <height>60</height>
            <texture colordiffuse="button_focus">lists/focus.png</texture>
          </control>
          <control type="label">
            <visible>Control.HasFocus(1001)</visible>
            <left>20</left>
            <right>20</right>
            <top>0</top>
            <height>60</height>
            <align>left</align>
            <aligny>center</aligny>
            <font>font38</font>
            <textcolor>yellow</textcolor>
            <label>$VAR[Var_SettingsCustomFolderLabel]</label>
            <shadowcolor>text_shadow</shadowcolor>
          </control>
          <control type="label">
            <visible>!Control.HasFocus(1001)</visible>
            <left>20</left>
            <right>20</right>
            <top>0</top>
            <height>60</height>
            <align>left</align>
            <aligny>center</aligny>
            <font>font38</font>
            <label>$VAR[Var_SettingsCustomFolderLabel]</label>
            <shadowcolor>text_shadow</shadowcolor>
          </control>
        </focusedlayout>
        <itemlayout height="60">
          <control type="label">
            <left>20</left>
            <right>20</right>
            <top>0</top>
            <height>60</height>
            <align>left</align>
            <aligny>center</aligny>
            <font>font38</font>
            <label>$VAR[Var_SettingsCustomFolderLabel]</label>
            <shadowcolor>text_shadow</shadowcolor>
          </control>
        </itemlayout>
        <content>plugin://plugin.video.armaniflix/?external_list_item=True&mode=navigator.shortcut_folders</content>
      </control>
      
      <control type="fixedlist" id="1001">
        <top>60</top>
        <right>0</right>
        <width>260</width>
        <height>120</height>
        
        <onleft>1000</onleft>
        <onright>1000</onright>
        
        <movement>4</movement>
        <focusposition>0</focusposition>
        <focusedlayout height="60">
          <control type="image">
            <visible>!Control.HasFocus(1000)</visible>
            <left>0</left>
            <right>0</right>
            <top>0</top>
            <height>60</height>
            <texture colordiffuse="button_focus">lists/focus.png</texture>
          </control>
          <control type="label">
            <left>20</left>
            <right>20</right>
            <top>0</top>
            <height>60</height>
            <align>right</align>
            <aligny>center</aligny>
            <font>font34</font>
            <label>$INFO[ListItem.Label]</label>
            <shadowcolor>text_shadow</shadowcolor>
          </control>
        </focusedlayout>
        <itemlayout height="60">
          <control type="label">
            <left>20</left>
            <right>20</right>
            <top>0</top>
            <height>60</height>
            <align>right</align>
            <aligny>center</aligny>
            <font>font34</font>
            <label>$INFO[ListItem.Label]</label>
            <shadowcolor>text_shadow</shadowcolor>
          </control>
        </itemlayout>
        <content>
          <item>
            <visible>!String.Contains(Container(1000).listitem.FolderPath,mode=menu_editor.shortcut_folder_make)</visible>
            <label>$LOCALIZE[32133]</label>
            <onclick>Skin.SetString(armani.movie_folder,$INFO[Container(1000).ListItem.FolderPath])</onclick>
            <onclick>Skin.SetString(armani.movie_folder_name,$INFO[Container(1000).ListItem.Label])</onclick>
            <onclick>Control.SetFocus(1000)</onclick>
          </item>
          <item>
            <visible>!String.Contains(Container(1000).listitem.FolderPath,mode=menu_editor.shortcut_folder_make)</visible>
            <label>$LOCALIZE[32134]</label>
            <onclick>Skin.SetString(armani.tvshow_folder,$INFO[Container(1000).ListItem.FolderPath])</onclick>
            <onclick>Skin.SetString(armani.tvshow_folder_name,$INFO[Container(1000).ListItem.Label])</onclick>
            <onclick>Control.SetFocus(1000)</onclick>
          </item>
        </content>
      </control>
    </control>
  
	</controls>
</window>
