<?xml version="1.0" encoding="utf-8"?>
<window type="dialog" id="1113">
    <onunload condition="String.IsEmpty(Skin.String(armani_user1))">Skin.SetString(armani_user1,Sam)</onunload>
    <onunload>Skin.SetString(armani_current_user,1)</onunload>
    <onunload>RunPlugin(plugin://plugin.video.armaniflix/?mode=armani_user&amp;name=$INFO[Skin.String(armani_user1)])
    </onunload>
    <defaultcontrol always="true">1000</defaultcontrol>
    <include>Animation_BottomSlide</include>
    <zorder>0</zorder>
    <controls>
        <control type="group">
            <top>380</top>
            <left>20</left>
            <width>550</width>
            <height>600</height>
            <orientation>vertical</orientation>
            <control type="image">
                <height>3</height>
                <texture colordiffuse="AAAAAAAA" border="3">dialogs/separator-grey.png</texture>
            </control>
            <control type="fixedlist" id="1000">
                <top>10</top>
                <height>350</height>
                <onright>Back</onright>
                <movement>12</movement>
                <focusposition>0</focusposition>
                <scrolltime tween="cubic" easing="out">500</scrolltime>
                <focusedlayout height="50">
                    <control type="image">
                        <visible>Control.HasFocus(1000)</visible>
                        <left>0</left>
                        <right>0</right>
                        <top>0</top>
                        <height>50</height>
                        <texture colordiffuse="button_focus">lists/focus.png</texture>
                    </control>
                    <control type="label">
                        <left>20</left>
                        <right>20</right>
                        <top>0</top>
                        <height>50</height>
                        <align>left</align>
                        <aligny>center</aligny>
                        <font>font38</font>
                        <label>$INFO[ListItem.Label]</label>
                        <shadowcolor>text_shadow</shadowcolor>
                    </control>
                </focusedlayout>
                <itemlayout height="50">
                    <control type="label">
                        <left>20</left>
                        <right>20</right>
                        <top>0</top>
                        <height>50</height>
                        <align>left</align>
                        <aligny>center</aligny>
                        <font>font38</font>
                        <label>$INFO[ListItem.Label]</label>
                        <shadowcolor>text_shadow</shadowcolor>
                    </control>
                </itemlayout>
                <content>
                    <item>
                        <label>1. $INFO[Skin.String(armani_user1)]</label>
                        <onclick>Skin.SetString(armani_user1)</onclick>
                    </item>
                    <item>
                        <label>2. $INFO[Skin.String(armani_user2)]</label>
                        <onclick>Skin.SetString(armani_user2)</onclick>
                    </item>
                    <item>
                        <label>3. $INFO[Skin.String(armani_user3)]</label>
                        <onclick>Skin.SetString(armani_user3)</onclick>
                    </item>
                    <item>
                        <label>4. $INFO[Skin.String(armani_user4)]</label>
                        <onclick>Skin.SetString(armani_user4)</onclick>
                    </item>
                    <item>
                        <label>5. $INFO[Skin.String(armani_user5)]</label>
                        <onclick>Skin.SetString(armani_user5)</onclick>
                    </item>
                    <item>
                        <label>6. $INFO[Skin.String(armani_user6)]</label>
                        <onclick>Skin.SetString(armani_user6)</onclick>
                    </item>
                    <item>
                        <label>Reset</label>
                        <onclick>Skin.SetString(armani_user1,Sam)</onclick>
                        <onclick>Skin.SetString(armani_user2,)</onclick>
                        <onclick>Skin.SetString(armani_user3,)</onclick>
                        <onclick>Skin.SetString(armani_user4,)</onclick>
                        <onclick>Skin.SetString(armani_user5,)</onclick>
                        <onclick>Skin.SetString(armani_user6,)</onclick>
                        <onclick>Skin.SetString(armani_current_user,1)</onclick>
                    </item>
                </content>
            </control>
        </control>
    </controls>
</window>
