<?xml version="1.0" encoding="utf-8"?>
<window type="dialog" id="1112">
    <defaultcontrol always="true">1000</defaultcontrol>
    <include>Animation_TopSlide</include>
    <zorder>0</zorder>
    <controls>
        <control type="group">
            <left>380</left>
            <top>100</top>
            <width>400</width>
            <height>400</height>
            <control type="list" id="1000">
                <focusedlayout height="50">
                    <control type="image">
                        <left>0</left>
                        <right>0</right>
                        <top>0</top>
                        <height>50</height>
                        <texture colordiffuse="button_focus">lists/focus.png</texture>
                    </control>
                    <control type="label">
                        <left>20</left>
                        <right>20</right>
                        <top>0</top>
                        <height>50</height>
                        <align>left</align>
                        <aligny>center</aligny>
                        <font>font38</font>
                        <label>$INFO[ListItem.Label]</label>
                        <shadowcolor>text_shadow</shadowcolor>
                    </control>
                </focusedlayout>
                <itemlayout height="50">
                    <control type="label">
                        <left>20</left>
                        <right>20</right>
                        <top>0</top>
                        <height>50</height>
                        <align>left</align>
                        <aligny>center</aligny>
                        <font>font38</font>
                        <label>$INFO[ListItem.Label]</label>
                        <shadowcolor>text_shadow</shadowcolor>
                    </control>
                </itemlayout>
            </control>
        </control>
    </controls>
</window>