<?xml version="1.0" encoding="UTF-8"?>
<window>
    <controls>
        <control type="group">
            <visible>String.IsEqual(Window.Property(enable_fullscreen),False)</visible>
            <control type="image">
                <left>0</left>
                <top>0</top>
                <width>1920</width>
                <height>1080</height>
                <texture>common/black.png</texture>
                <animation type="WindowOpen" reversible="false">
                    <effect type="fade" start="0" end="80" time="200" tween="sine" easing="in" />
                </animation>
            </control>
            <control type="group">
                <animation type="WindowOpen" reversible="false">
                    <effect type="fade" start="0" end="100" time="150" tween="sine" easing="in" />
                </animation>
                <left>435</left>
                <top>325</top>
                <control type="image">
                    <height>400</height>
                    <width>1050</width>
                    <texture colordiffuse="FF000000">common/white.png</texture>
                    <visible>String.IsEqual(Window.Property(buttons),true)</visible>
                </control>
                <control type="image">
                    <height>430</height>
                    <width>1050</width>
                    <texture colordiffuse="FF000000">common/white.png</texture>
                    <visible>!String.IsEqual(Window.Property(buttons),true)</visible>
                </control>
                <control type="group">
                    <left>5</left>
                    <top>5</top>
                    <control type="label">
                        <top>-40</top>
                        <left>0</left>
                        <width>1035</width>
                        <height>5</height>
                        <font>font10</font> <!-- FEN_21 -->
                        <align>left</align>
                        <aligny>bottom</aligny>
                        <label>[COLOR B3CCCCCC][B]$ADDON[plugin.video.armaniflix 33138][/B][/COLOR]</label>
                    </control>
                    <control type="image">
                        <left>5</left>
                        <top>5</top>
                        <width>45</width>
                        <height>45</height>
                        <align>right</align>
                        <aligny>top</aligny>
                        <aspectratio aligny="top">keep</aspectratio>
                        <texture colordiffuse="B3CCCCCC">common/fen.png</texture>
                    </control>
                    <control type="label">
                        <top>70</top>
                        <left>20</left>
                        <width>1030</width>
                        <height>20</height>
                        <aligny>bottom</aligny>
                        <align>center</align>
                        <font>font60</font> <!-- FEN_60_BOLD -->
                        <label>[B]$INFO[Window.Property(title)][/B]</label>
                    </control>
                    <control type="textbox" id="2000">
                        <top>190</top>
                        <left>20</left>
                        <width>1025</width>
                        <height>180</height>
                        <font>font12</font> <!-- FEN_26 -->
                        <align>center</align>
                        <textcolor>FFB7B4BB</textcolor>
                    </control>
                    <control type="group">
                        <visible>String.IsEqual(Window.Property(buttons),true)</visible>
                        <top>290</top>
                        <control type="button" id="10">
                            <description>True Button</description>
                            <left>185</left>
                            <width>340</width>
                            <height>70</height>
                            <onleft>11</onleft>
                            <onright>11</onright>
                            <label>[B]$INFO[Window.Property(true_button)][/B]</label>
                            <font>font12</font> <!-- FEN_26 -->
                            <textcolor>FFB7B4BB</textcolor>
                            <focusedcolor>FF302F2F</focusedcolor>
                            <texturefocus colordiffuse="FFCCCCCC">common/white.png</texturefocus>
                            <texturenofocus colordiffuse="FF302F2F">common/white.png</texturenofocus>
                            <align>center</align>
                        </control>
                        <control type="button" id="11">
                            <description>False Button</description>
                            <left>545</left>
                            <width>340</width>
                            <height>70</height>
                            <onleft>10</onleft>
                            <onright>10</onright>
                            <label>[B]$INFO[Window.Property(false_button)][/B]</label>
                            <font>font12</font> <!-- FEN_26 -->
                            <textcolor>FFB7B4BB</textcolor>
                            <focusedcolor>FF302F2F</focusedcolor>
                            <texturefocus colordiffuse="FFCCCCCC">common/white.png</texturefocus>
                            <texturenofocus colordiffuse="FF302F2F">common/white.png</texturenofocus>
                            <align>center</align>
                        </control>
                    </control>
                    <control type="progress" id="5000">
                        <description>Progressbar</description>
                        <top>395</top>
                        <left>0</left>
                        <width>1040</width>
                        <height>25</height>
                        <reveal>true</reveal>
                        <visible>!String.IsEqual(Window.Property(buttons),true)</visible>
                    </control>
                </control>
            </control>
        </control>
        <control type="group">
            <visible>String.IsEqual(Window.Property(enable_fullscreen),True)</visible>
            <control type="group">
                <control type="image">
                    <left>0</left>
                    <top>0</top>
                    <width>1920</width>
                    <height>1080</height>
                    <texture>common/black.png</texture>
                </control>
                <control type="image">
                    <left>0</left>
                    <top>0</top>
                    <width>1920</width>
                    <height>1080</height>
                    <aspectratio>scale</aspectratio>
                    <texture colordiffuse="primary_background">special://skin/extras/backgrounds/primary.jpg</texture>
                </control>
                <control type="image">
                    <left>0</left>
                    <top>0</top>
                    <width>1920</width>
                    <height>1080</height>
                    <aspectratio>scale</aspectratio>
                    <texture colordiffuse="secondary_background">special://skin/extras/backgrounds/pattern.jpg</texture>
                </control>
            </control>
            <control type="group">
                <left>50</left>
                <right>50</right>
                <top>50</top>
                <bottom>20</bottom>
                <control type="label">
                    <top>0</top>
                    <height>60</height>
                    <font>font45_title</font>
                    <textcolor>FFCCCCCC</textcolor>
                    <align>center</align>
                    <aligny>bottom</aligny>
                    <label>[UPPERCASE][B]$INFO[Window.Property(title)][/B][/UPPERCASE]</label>
                </control>
                <control type="label">
                    <top>80</top>
                    <height>50</height>
                    <font>font14</font> <!-- FEN_33 -->
                    <textcolor>FFCCCCCC</textcolor>
                    <align>center</align>
                    <label>[I]$INFO[Window.Property(genre)][/I]</label>
                </control>
                <control type="group">
                    <top>150</top>
                    <control type="group">
                        <control type="image">
                            <centerleft>50%</centerleft>
                            <top>0</top>
                            <width max="100">auto</width>
                            <height max="100">auto</height>
                            <texture flipx="true" colordiffuse="FFFAFAFA">common/spinners/loading-spinner.png</texture>
                            <animation effect="fade" time="320" delay="400">Visible</animation>
                            <animation effect="rotate" end="360" center="auto" time="1200" loop="true" reversible="false" condition="true">Conditional</animation>
                            <animation effect="fade" start="70" time="1200" condition="true" pulse="true">Conditional</animation>
                        </control>
                        <control type="textbox">
                            <top>120</top>
                            <left>300</left>
                            <right>300</right>
                            <bottom>200</bottom>
                            <font>font12</font> <!-- FEN_26 -->
                            <align>left</align>
                            <textcolor>FFB7B4BB</textcolor>
                            <label>$INFO[Window.Property(text)]</label>
                        </control>
                        <control type="group">
                            <bottom>0</bottom>
                            <height>160</height>
                            <control type="textbox" id="2001">
                                <visible>!String.IsEqual(Window.Property(enable_resolver),true) + String.IsEqual(Window.Property(show_remaining),true) + Integer.IsGreaterOrEqual(Window().Property(percent),1)</visible>
                                <align>center</align>
                                <font>font12</font> <!-- FEN_26 -->
                                <textcolor>$INFO[Window.Property(result_highlight)]</textcolor>
                            </control>
                            <control type="textbox" id="2002">
                                <visible>String.IsEqual(Window.Property(enable_resolver),true)</visible>
                                <font>font12</font> <!-- FEN_26 -->
                                <align>center</align>
                                <textcolor>FFB7B4BB</textcolor>
                            </control>
                        </control>

                    </control>
                </control>
            </control>
        </control>
    </controls>
</window>
