<?xml version="1.0" encoding="UTF-8"?>
<colors>
	<color name="primary_background">FF324D5A</color>
	<color name="secondary_background">333E776D</color>
	<color name="dialog_tint">FA1D1F20</color>
	<color name="background">FF000000</color>
	<color name="bg_image">FF909090</color>
	<color name="bg_overlay">30FFFFFF</color>
	<color name="black">FF000000</color>
	<color name="white">FFF0F0F0</color>
	<color name="grey">FFA0A0A0</color>
	<color name="blue">FF7ACAFE</color>
	<color name="red">FFCE4421</color>
	<color name="button_focus">CC4C7F8D</color>
	<color name="text_shadow">22000000</color>
	<color name="border_alpha">60FFFFFF</color>
	<color name="disabled">40FFFFFF</color>
	<color name="selected">FFFFB90F</color>
	<color name="invalid">FFFF0000</color>
	<color name="media_menu_label">FFA791BF</color>
	<color name="menu_header_bg">FF32545d</color>
	<color name="menu_header_fg">FFFFFFFF</color>
</colors>
