<?xml version="1.0" encoding="UTF-8"?>
<window>
    <controls>
        <control type="image">
            <left>0</left>
            <top>0</top>
            <width>1920</width>
            <height>1080</height>
            <texture>common/black.png</texture>
            <animation type="WindowOpen" reversible="false">
                <effect type="fade" start="0" end="80" time="200" tween="sine" easing="in" />
            </animation>
        </control>
        <control type="group">
            <animation type="WindowOpen" reversible="false">
                <effect type="fade" start="0" end="100" time="150" tween="sine" easing="in" />
                <effect type="zoom" start="0" end="100" time="150" center="auto" tween="quadratic" easing="out" />
            </animation>
            <left>500</left>
            <top>325</top>
            <control type="group">
                <left>5</left>
                <top>5</top>
                <control type="label">
                    <top>-40</top>
                    <left>0</left>
                    <width>1035</width>
                    <height>5</height>
                    <font>font10</font> <!-- FEN_21 -->
                    <align>left</align>
                    <aligny>bottom</aligny>
                    <label>[COLOR B3CCCCCC][B]$ADDON[plugin.video.armaniflix 33138][/B][/COLOR]</label>
                </control>
                <control type="image">
                    <left>-5</left>
                    <top>-5</top>
                    <height>430</height>
                    <width>920</width>
                    <texture colordiffuse="FF4a4347">common/white.png</texture>
                </control>
                <control type="image">
                    <left>7</left>
                    <top>7</top>
                    <width>45</width>
                    <height>45</height>
                    <align>right</align>
                    <aligny>top</aligny>
                    <aspectratio aligny="top">keep</aspectratio>
                    <texture colordiffuse="B3CCCCCC">common/fen.png</texture>
                </control>
                <control type="label" id="2000">
                    <width>910</width>
                    <top>12</top>
                    <left>5</left>
                    <height>20</height>
                    <align>center</align>
                    <font>font12</font> <!-- FEN_26 -->
                    <textcolor>FFCCCCCC</textcolor>
                </control>
                <control type="textbox" id="2001">
                    <top>100</top>
                    <left>20</left>
                    <width>600</width>
                    <height>250</height>
                    <font>font13</font> <!-- FEN_30 -->
                    <align>center</align>
                    <aligny>center</aligny>
                    <textcolor>FFCCCCCC</textcolor>
                </control>
                <control type="progress" id="5000">
                    <description>Progressbar</description>
                    <top>395</top>
                    <left>0</left>
                    <width>910</width>
                    <height>25</height>
                    <reveal>true</reveal>
                </control>
            </control>
        </control>
    </controls>
</window>
