<?xml version="1.0" encoding="UTF-8"?>
<window>
    <defaultcontrol>996</defaultcontrol>
    <coordinates>
        <left>0</left>
        <top>0</top>
    </coordinates>
    <controls>
        <control type="button">
            <left>-1920</left>
            <top>-1080</top>
            <width>5760</width>
            <height>3240</height>
            <texturefocus/>
            <texturenofocus/>
            <onclick>Action(close)</onclick>
        </control>
        <control type="group">
            <control type="image" id="999">
                <description>background image</description>
                <left>0</left>
                <top>0</top>
                <width>500</width>
                <height>780</height>
                <texture colordiffuse="dialog_tint">colors/white.png</texture>
            </control>
            <control type="grouplist" id="996">
                <description>grouplist for context buttons</description>
                <left>0</left>
                <width>500</width>
                <top>0</top>
                <height max="780">auto</height>
                <usecontrolcoords>false</usecontrolcoords>
            </control>
            <include content="UpDownArrows">
                <param name="container_id" value="996"/>
                <param name="posx" value="226"/>
                <param name="up_posy" value="-40"/>
                <param name="down_posy" value="798"/>
            </include>
        </control>
        <control type="button" id="1000">
            <description>button template</description>
            <left>0</left>
            <top></top>
            <width>500</width>
            <height>65</height>
            <align>center</align>
            <font>font_context_menu</font>
            <texturefocus colordiffuse="button_focus">lists/focus.png</texturefocus>
            <texturenofocus/>
        </control>
    </controls>
</window>
