<?xml version="1.0" encoding="UTF-8"?>
<window>
	<onload condition="Player.HasMedia">Stop</onload>
	<defaultcontrol always="true">50</defaultcontrol>
	<backgroundcolor>background</backgroundcolor>
	<views>50</views>
	<menucontrol>9000</menucontrol>
	<controls>
		<include>DefaultBackground</include>
		<control type="group">
			<animation effect="fade" start="100" end="0" time="200" tween="sine" condition="$EXP[infodialog_active]">Conditional</animation>
			<include>View_50_List</include>
			<include content="BottomBar">
				<param name="info_visible" value="true" />
			</include>
			<control type="group">
				<depth>DepthContentPanel</depth>
				<include>OpenClose_Left</include>
				<visible>Control.IsVisible(50)</visible>
				<include>Visible_Left</include>
				<!-- Header -->
				<include content="ContentPanel">
					<param name="top" value="-20" />
					<param name="height" value="140" />
					<param name="width" value="120%" />
				</include>
				<!-- Footer -->
				<include content="ContentPanel">
					<param name="top" value="980" />
					<param name="height" value="140" />
					<param name="width" value="120%" />
				</include>
				<!-- Details -->
				<include content="ContentPanel">
					<param name="top" value="80" />
					<param name="height" value="940" />
					<param name="width" value="756" />
				</include>
				<control type="group">
					<top>110</top>
					<width>640</width>
					<left>30</left>
					<control type="image">
						<description>separator image</description>
						<height>3</height>
						<texture colordiffuse="AAAAAAAA" border="3">dialogs/separator-grey.png</texture>
					</control>
					<control type="grouplist">
						<top>5</top>
						<itemgap>8</itemgap>
						<orientation>vertical</orientation>
						<control type="textbox">
							<height max="160">auto</height>
							<label>$VAR[Var_VideoTitle]</label>
							<font>font_details_title</font>
							<textcolor>lightblue</textcolor>
							<autoscroll delay="10000" time="3000" repeat="10000">False</autoscroll>
						</control>
						<control type="label">
							<height>40</height>
							<font>font_details</font>
							<textcolor>silver</textcolor>
							<label>$VAR[Var_VideoDetails2]</label>
							<visible>String.IsEqual(ListItem.DbType,movie) | String.IsEqual(ListItem.DbType,tvshow) | String.IsEqual(ListItem.DbType,episode)</visible>
						</control>
						<control type="label">
							<font>font_details</font>
							<height>40</height>
							<textcolor>silver</textcolor>
							<label>$VAR[Var_VideoDetails]</label>
							<shadowcolor>text_shadow</shadowcolor>
							<visible>String.IsEqual(ListItem.DbType,movie) | String.IsEqual(ListItem.DbType,tvshow) | String.IsEqual(ListItem.DbType,season) | String.IsEqual(ListItem.DbType,episode)</visible>
						</control>
						<control type="label">
							<height>40</height>
							<font>font_details</font>
							<textcolor>silver</textcolor>
							<label>$INFO[ListItem.RatingAndVotes]</label>
							<visible>[String.IsEqual(ListItem.DbType,movie) | String.IsEqual(ListItem.DbType,tvshow)] + !String.IsEmpty(ListItem.RatingAndVotes)</visible>
						</control>
						<control type="label">
							<height>30</height>
							<visible>String.IsEqual(ListItem.DbType,movie) | String.IsEqual(ListItem.DbType,tvshow) | String.IsEqual(ListItem.DbType,season) | String.IsEqual(ListItem.DbType,episode)</visible>
						</control>
						<control type="textbox">
							<height max="1080">auto</height>
							<font>font_details</font>
							<label>$VAR[Var_VideoNavPlot]</label>
							<autoscroll delay="10000" time="3000" repeat="10000">False</autoscroll>
						</control>
					</control>
				</control>

			</control>
			<include content="TopBar">
				<param name="breadcrumbs_label" value="$VAR[BreadcrumbsVideoVar]" />
				<param name="sublabel" value="$VAR[Var_BreadcrumbsSubLabel]" />
			</include>
			<control type="button" id="666">
				<left>685</left>
				<top>40</top>
				<width>300</width>
				<height>60</height>
				<onup>noop</onup>
				<ondown>SetFocus(50,0)</ondown>
				<description>Playlist</description>
				<visible>String.Contains(Container.FolderPath,action=playlist)</visible>
				<label>$LOCALIZE[31998]</label>
				<font>font_menu_label</font>
				<textcolor>silver</textcolor>
				<focusedcolor>selected</focusedcolor>
				<texturefocus colordiffuse="FFCCCCCC">common/white.png</texturefocus>
				<texturenofocus colordiffuse="FF4a4347">common/white.png</texturenofocus>
				<align>center</align>
				<onclick>ActivateWindow(1111)</onclick>
			</control>
			<control type="group">
				<depth>DepthBars</depth>
				<bottom>0</bottom>
				<height>70</height>
				<animation effect="fade" start="0" end="100" time="300" delay="300">WindowOpen</animation>
				<animation effect="fade" start="100" end="0" time="200">WindowClose</animation>
				<control type="label">
					<right>20</right>
					<width>1200</width>
					<height>60</height>
					<align>right</align>
					<aligny>center</aligny>
					<font>font37</font>
					<label>Page up: LEFT    Page down: RIGHT    Menu: SELECT (hold)</label>
				</control>
				<control type="button">
					<left>0</left>
					<width>400</width>
					<texturefocus/>
					<texturenofocus/>
					<onclick>Control.move(50,-1)</onclick>
				</control>
				<control type="button">
					<right>0</right>
					<width>400</width>
					<texturefocus/>
					<texturenofocus/>
					<onclick>Control.move(50,1)</onclick>
				</control>
			</control>
			<include>CommonScrollbars</include>
			<include>MediaMenuMouseOverlay</include>
			<control type="group">
				<include>MediaMenuCommon</include>
				<control type="grouplist" id="9000">
					<left>10</left>
					<right>10</right>
					<top>10</top>
					<onback>50</onback>
					<onleft>50</onleft>
					<onright>50</onright>
					<onup>50</onup>
					<ondown>50</ondown>
					<!--<control type="label">
						<height>50</height>
						<textcolor>lightyellow</textcolor>
						<font>font_sidemenu_title</font>
						<align>left</align>
						<label>$INFO[ListItem.Label]</label>
					</control>-->
					<control type="button" id="601">
						<description>Rated - Best to Worst</description>
						<visible>!String.IsEmpty(ListItem.Property(sort_rating_desc))</visible>
						<include>ArmaniMediaMenuButtonCommon</include>
						<label>Best Rated</label>
						<onclick>ActivateWindow(videos,$INFO[ListItem.Property(sort_rating_desc)],return)</onclick>
					</control>
					<control type="button" id="602">
						<description>Rated - Worst to Best</description>
						<visible>!String.IsEmpty(ListItem.Property(sort_rating_asc))</visible>
						<include>ArmaniMediaMenuButtonCommon</include>
						<label>Worst Rated</label>
						<onclick>ActivateWindow(videos,$INFO[ListItem.Property(sort_rating_asc)],return)</onclick>
					</control>
					<control type="button" id="603">
						<description>Votes - Most to Fewest</description>
						<visible>!String.IsEmpty(ListItem.Property(sort_votes_desc))</visible>
						<include>ArmaniMediaMenuButtonCommon</include>
						<label>Most Votes</label>
						<onclick>ActivateWindow(videos,$INFO[ListItem.Property(sort_votes_desc)],return)</onclick>
					</control>
					<control type="button" id="604">
						<description>By Votes: Fewest to Most</description>
						<visible>!String.IsEmpty(ListItem.Property(sort_votes_asc))</visible>
						<include>ArmaniMediaMenuButtonCommon</include>
						<label>Fewest Votes</label>
						<onclick>ActivateWindow(videos,$INFO[ListItem.Property(sort_votes_asc)],return)</onclick>
					</control>
					<control type="button" id="605">
						<description>By Year: New to Old</description>
						<visible>!String.IsEmpty(ListItem.Property(sort_year_desc))</visible>
						<include>ArmaniMediaMenuButtonCommon</include>
						<label>Latest Releases</label>
						<onclick>ActivateWindow(videos,$INFO[ListItem.Property(sort_year_desc)],return)</onclick>
					</control>
					<control type="button" id="606">
						<description>By Year: Old to New</description>
						<visible>!String.IsEmpty(ListItem.Property(sort_year_asc))</visible>
						<include>ArmaniMediaMenuButtonCommon</include>
						<label>Earliest Releases</label>
						<onclick>ActivateWindow(videos,$INFO[ListItem.Property(sort_year_asc)],return)</onclick>
					</control>

					<control type="button" id="701">
						<description>Favorites</description>
						<visible>!String.IsEmpty(ListItem.Property(armani.favorite_params))</visible>
						<include>ArmaniMediaMenuButtonCommon</include>
						<label>$VAR[Var_Fav]</label>
						<onclick>RunPlugin($INFO[ListItem.Property(armani.favorite_params)])</onclick>
					</control>
					<control type="button" id="702">
						<description>Mark Watched</description>
						<visible>String.Contains(ListItem.Property(fen.watched_params),mark_as_watched)</visible>
						<include>ArmaniMediaMenuButtonCommon</include>
						<label>Mark as watched</label>
						<onclick>RunPlugin($INFO[ListItem.Property(fen.watched_params)])</onclick>
					</control>
					<control type="button" id="703">
						<description>Mark Unwatched</description>
						<visible>String.Contains(ListItem.Property(fen.unwatched_params),mark_as_unwatched)</visible>
						<include>ArmaniMediaMenuButtonCommon</include>
						<label>Mark as unwatched</label>
						<onclick>RunPlugin($INFO[ListItem.Property(fen.unwatched_params)])</onclick>
					</control>
					<control type="button" id="704">
						<description>Clear Progress</description>
						<visible>!String.IsEmpty(ListItem.Property(fen.clearprog_params))</visible>
						<include>ArmaniMediaMenuButtonCommon</include>
						<label>Clear Progress</label>
						<onclick>RunPlugin($INFO[ListItem.Property(fen.clearprog_params)])</onclick>
					</control>
					<control type="button" id="705">
						<description>Select Source</description>
						<visible>!String.IsEmpty(ListItem.Property(fen.rescrape_params))</visible>
						<include>ArmaniMediaMenuButtonCommon</include>
						<label>Select Source</label>
						<onclick>RunPlugin($INFO[ListItem.Property(fen.rescrape_params)])</onclick>
					</control>
					<control type="button" id="706">
						<description>Admin: modify</description>
						<visible>!String.IsEmpty(ListItem.Property(armani.admin_edit_params))</visible>
						<include content="ArmaniMediaMenuButtonCommon"><param name="color" value="gold" /></include>
						<label>Edit / Update</label>
						<onclick>RunPlugin($INFO[ListItem.Property(armani.admin_edit_params)])</onclick>
					</control>
					<control type="button" id="707">
						<description>Admin: delete</description>
						<visible>!String.IsEmpty(ListItem.Property(armani.admin_delete_params))</visible>
						<include content="ArmaniMediaMenuButtonCommon"><param name="color" value="gold" /></include>
						<label>Delete</label>
						<onclick>RunPlugin($INFO[ListItem.Property(armani.admin_delete_params)])</onclick>
					</control>
					<control type="button" id="708">
						<description>Admin: menu</description>
						<visible>String.IsEqual(Window(home).Property(user_id),1)</visible>
						<include content="ArmaniMediaMenuButtonCommon"><param name="color" value="gold" /></include>
						<label>Admin Menu</label>
						<onclick>RunPlugin(plugin://plugin.video.armaniflix/?mode=armani_admin)</onclick>
					</control>
					<include>MediaMenuNowPlaying</include>
				</control>
			</control>
		</control>
	</controls>
</window>
