<?xml version="1.0" encoding="UTF-8"?>
<window>
	<defaultcontrol always="true">3</defaultcontrol>
	<!--<include>Animation_DialogPopupOpenClose</include>-->
	<depth>DepthOSD</depth>
	<controls>
		<include condition="String.IsEqual(Window(home).Property(select_type),multi3)" content="DoubleLineSelectLayout">
			<param name="width" value="1000" />
			<param name="height" value="410" />
		</include>
		<include condition="String.IsEqual(Window(home).Property(select_type),single3)" content="DoubleLineSelectLayout">
			<param name="width" value="600" />
			<param name="height" value="410" />
		</include>

		<!-- Alpha: 1 row -->
		<include condition="String.IsEqual(Window(home).Property(select_type),alpha1)" content="ColumnSimpleSelectLayout">
			<param name="col_width" value="90" />
			<param name="width" value="540" />
			<param name="height" value="150" />
		</include>
		<!-- Alpha: 2 rows -->
		<include condition="String.IsEqual(Window(home).Property(select_type),alpha2)" content="ColumnSimpleSelectLayout">
			<param name="col_width" value="90" />
			<param name="width" value="540" />
			<param name="height" value="210" />
		</include>
		<!-- Alpha: 3 rows -->
		<include condition="String.IsEqual(Window(home).Property(select_type),alpha3)" content="ColumnSimpleSelectLayout">
			<param name="col_width" value="90" />
			<param name="width" value="540" />
			<param name="height" value="270" />
		</include>
		<!-- Alpha: 4 rows -->
		<include condition="String.IsEqual(Window(home).Property(select_type),alpha4)" content="ColumnSimpleSelectLayout">
			<param name="col_width" value="90" />
			<param name="width" value="540" />
			<param name="height" value="330" />
		</include>
		<!-- Alpha: 5 rows -->
		<include condition="String.IsEqual(Window(home).Property(select_type),alpha5)" content="ColumnSimpleSelectLayout">
			<param name="col_width" value="90" />
			<param name="width" value="540" />
			<param name="height" value="390" />
		</include>

		<!-- Decades: 1 row -->
		<include condition="String.IsEqual(Window(home).Property(select_type),decades1)" content="ColumnSimpleSelectLayout">
			<param name="col_width" value="150" />
			<param name="width" value="600" />
			<param name="height" value="150" />
		</include>
		<!-- Decades: 2 rows -->
		<include condition="String.IsEqual(Window(home).Property(select_type),decades2)" content="ColumnSimpleSelectLayout">
			<param name="col_width" value="150" />
			<param name="width" value="600" />
			<param name="height" value="210" />
		</include>
		<!-- Decades: 3 rows -->
		<include condition="String.IsEqual(Window(home).Property(select_type),decades3)" content="ColumnSimpleSelectLayout">
			<param name="col_width" value="150" />
			<param name="width" value="600" />
			<param name="height" value="270" />
		</include>
		<!-- Decades: 4 rows -->
		<include condition="String.IsEqual(Window(home).Property(select_type),decades4)" content="ColumnSimpleSelectLayout">
			<param name="col_width" value="150" />
			<param name="width" value="600" />
			<param name="height" value="330" />
		</include>

		<!-- Genres: 1 row -->
		<include condition="String.IsEqual(Window(home).Property(select_type),genres1)" content="ColumnSimpleSelectLayout">
			<param name="col_width" value="300" />
			<param name="width" value="1200" />
			<param name="height" value="150" />
		</include>
		<!-- Genres: 2 row -->
		<include condition="String.IsEqual(Window(home).Property(select_type),genres2)" content="ColumnSimpleSelectLayout">
			<param name="col_width" value="300" />
			<param name="width" value="1200" />
			<param name="height" value="210" />
		</include>
		<!-- Genres: 3 rows -->
		<include condition="String.IsEqual(Window(home).Property(select_type),genres3)" content="ColumnSimpleSelectLayout">
			<param name="col_width" value="300" />
			<param name="width" value="1200" />
			<param name="height" value="270" />
		</include>
		<!-- Genres: 4 rows -->
		<include condition="String.IsEqual(Window(home).Property(select_type),genres4)" content="ColumnSimpleSelectLayout">
			<param name="col_width" value="300" />
			<param name="width" value="1200" />
			<param name="height" value="330" />
		</include>
		<!-- Genres: 5 rows -->
		<include condition="String.IsEqual(Window(home).Property(select_type),genres5)" content="ColumnSimpleSelectLayout">
			<param name="col_width" value="300" />
			<param name="width" value="1200" />
			<param name="height" value="390" />
		</include>
		<!-- Genres: 6 rows -->
		<include condition="String.IsEqual(Window(home).Property(select_type),genres6)" content="ColumnSimpleSelectLayout">
			<param name="col_width" value="300" />
			<param name="width" value="1200" />
			<param name="height" value="450" />
		</include>
		<!-- Genres: 7 rows -->
		<include condition="String.IsEqual(Window(home).Property(select_type),genres7)" content="ColumnSimpleSelectLayout">
			<param name="col_width" value="300" />
			<param name="width" value="1200" />
			<param name="height" value="510" />
		</include>
		<!-- Genres: 8 rows -->
		<include condition="String.IsEqual(Window(home).Property(select_type),genres8)" content="ColumnSimpleSelectLayout">
			<param name="col_width" value="300" />
			<param name="width" value="1200" />
			<param name="height" value="570" />
		</include>

		<!-- Menu: 5 rows -->
		<include condition="String.IsEqual(Window(home).Property(select_type),menu5)" content="DetailMenuLayout">
			<param name="width" value="630" />
			<param name="height" value="490" />
			<param name="menu_align" value="center" />
		</include>
		<!-- Menu: 7 rows -->
		<include condition="String.IsEqual(Window(home).Property(select_type),menu7)" content="DetailMenuLayout">
			<param name="width" value="630" />
			<param name="height" value="630" />
			<param name="menu_align" value="center" />
		</include>
		<!-- Menu: 9 rows -->
		<include condition="String.IsEqual(Window(home).Property(select_type),menu9)" content="DetailMenuLayout">
			<param name="width" value="630" />
			<param name="height" value="770" />
			<param name="menu_align" value="center" />
		</include>
		<!-- Menu: 11 rows -->
		<include condition="String.IsEqual(Window(home).Property(select_type),menu11)" content="DetailMenuLayout">
			<param name="width" value="630" />
			<param name="height" value="910" />
			<param name="menu_align" value="center" />
		</include>


		<include condition="String.IsEqual(Window(home).Property(select_type),years)" content="ColumnSimpleSelectLayout">
			<param name="col_width" value="120" />
			<param name="width" value="1200" />
			<param name="height" value="270" />
		</include>
		<include condition="String.IsEqual(Window(home).Property(select_type),ratings)" content="ColumnSimpleSelectLayout">
			<param name="col_width" value="100" />
			<param name="width" value="1000" />
			<param name="height" value="270" />
		</include>

		<include condition="String.IsEqual(Window(home).Property(select_type),column_select)" content="ColumnSelectLayout">

		</include>
		<include condition="String.IsEqual(Window(home).Property(select_type),playlist_content)">PlaylistContentLayout</include>
		<include condition="String.IsEqual(Window(home).Property(select_type),detail_menu)">DetailMenuLayout</include>

		<include condition="String.IsEqual(Window(home).Property(select_type),info_select)">InfoSelectLayout</include>

		<include condition="String.IsEqual(Window(home).Property(select_type),advanced_search)" content="DetailMenuLayout">
			<param name="height" value="910" />
		</include>
		<include condition="String.IsEqual(Window(home).Property(select_type),advanced_browse)" content="DetailMenuLayout">
			<param name="height" value="910" />
		</include>

		<include condition="String.IsEqual(Window(home).Property(select_type),meta_edit)" content="DetailMenuLayout">
			<param name="height" value="560" />
			<param name="label1_width" value="20%" />
			<param name="label2_width" value="75%" />
		</include>
		<include condition="String.IsEqual(Window(home).Property(select_type),media_titles)" content="DetailMenuLayout">
			<param name="width" value="1600" />
			<param name="height" value="1050" />
			<param name="label1_width" value="80%" />
			<param name="label2_width" value="15%" />
			<param name="label2_align" value="left" />
		</include>
		<include condition="String.IsEmpty(Window(home).Property(select_type)) + ![Window.IsActive(gamesaves) | Window.IsActive(gamestretchmode) | Window.IsActive(gamevideofilter) | Window.IsActive(gamevideorotation) | Window.IsActive(ingamesaves)]">DefaultDialogSelectLayout</include>
		<include condition="Window.IsActive(gamesaves)">GameDialogSelectSaveLayout</include>
		<include condition="Window.IsActive(gamevideofilter)">GameDialogSelectFilterLayout</include>
		<include condition="Window.IsActive(gamestretchmode)">GameDialogSelectViewLayout</include>
		<include condition="Window.IsActive(gamevideorotation)">GameDialogSelectViewLayout</include>
		<include condition="Window.IsActive(ingamesaves)">GameDialogSelectSaveInGameLayout</include>
	</controls>
</window>
