<?xml version="1.0" encoding="utf-8"?>
<window type="window" id="1112">
    <defaultcontrol always="true">1000</defaultcontrol>
    <controls>
        <include>DefaultBackground</include>
        <include content="TopBar">
            <param name="breadcrumbs_label" value=""/>
        </include>
        <control type="group">
            <left>0</left>
            <top>0</top>
            <bottom>0</bottom>
            <width>800</width>
            <control type="image">
                <texture colordiffuse="88000000">colors/white.png</texture>
            </control>
            <control type="group">
                <description>header</description>
                <height>90</height>
                <control type="image">
                    <texture colordiffuse="menu_header_bg" border="2">colors/white70.png</texture>
                </control>
                <control type="label" id="1">
                    <left>30</left>
                    <right>30</right>
                    <font>font45_title</font>
                    <textcolor>lightyellow</textcolor>
                    <aligny>center</aligny>
                    <shadowcolor>black</shadowcolor>
                    <label>$LOCALIZE[32128]</label>
                </control>
                <control type="button">
                    <texturefocus/>
                    <texturenofocus/>
                    <onclick>Action(close)</onclick>
                </control>
            </control>
            <control type="group">
                <description>Footer</description>
                <bottom>0</bottom>
                <height>200</height>
                <control type="image">
                    <texture colordiffuse="55000000">colors/white.png</texture>
                </control>
                <control type="textbox">
                    <left>30</left>
                    <right>30</right>
                    <top>10</top>
                    <bottom>10</bottom>
                    <align>left</align>
                    <aligny>center</aligny>
                    <font>font42</font>
                    <label>$VAR[Var_AdminInfo]</label>
                </control>
            </control>
            <control type="group">
                <left>20</left>
                <right>20</right>
                <top>110</top>
                <bottom>200</bottom>
                <control type="list" id="1000">
                    <width>300</width>
                    <orientation>vertical</orientation>
                    <scrolltime>200</scrolltime>
                    <onright>2000</onright>
                    <itemlayout height="70">
                        <control type="label">
                            <left>10</left>
                            <right>10</right>
                            <font>font_list</font>
                            <align>left</align>
                            <aligny>center</aligny>
                            <textcolor>lightgrey</textcolor>
                            <label>[UPPERCASE]$INFO[ListItem.Label][/UPPERCASE]</label>
                        </control>
                    </itemlayout>
                    <focusedlayout height="70">
                        <control type="image">
                            <visible>Control.HasFocus(1000)</visible>
                            <texture colordiffuse="button_focus">colors/white.png</texture>
                        </control>
                        <control type="label">
                            <left>10</left>
                            <right>10</right>
                            <font>font_list</font>
                            <align>left</align>
                            <aligny>center</aligny>
                            <textcolor>gold</textcolor>
                            <label>[UPPERCASE]$INFO[ListItem.Label][/UPPERCASE]</label>
                        </control>
                    </focusedlayout>
                    <content>
                        <item>
                            <label>$LOCALIZE[32129]</label>
                            <label2>$LOCALIZE[32130]</label2>
                            <property name="id">media_db</property>
                        </item>
                        <item>
                            <label>$LOCALIZE[32131]</label>
                            <label2>$LOCALIZE[32132]</label2>
                            <property name="id">user_db</property>
                        </item>
                        <item>
                            <label>$LOCALIZE[32133]</label>
                            <label2>$LOCALIZE[32134]</label2>
                            <property name="id">settings</property>
                        </item>
                        <item>
                            <label>$LOCALIZE[32135]</label>
                            <label2>$LOCALIZE[32136]</label2>
                            <property name="id">tools</property>
                        </item>
                    </content>
                </control>
                <control type="group" id="2000">
                    <left>320</left>
                    <control type="list" id="2001">
                        <include content="AdminListCommon">
                            <param name="list_id" value="2001" />
                            <param name="menu_id" value="media_db" />
                        </include>
                        <content>
                            <item>
                                <label>Add (all)</label>
                                <label2>Select titles to add from all IMDb lists</label2>
                                <onclick>RunPlugin(plugin://plugin.video.armaniflix/?mode=armani_admin&amp;action=imdb_lists_add_all)</onclick>
                            </item>
                            <item>
                                <label>Add (lists)</label>
                                <label2>Select titles to add from specific IMDb lists</label2>
                                <onclick>RunPlugin(plugin://plugin.video.armaniflix/?mode=armani_admin&amp;action=imdb_lists_add_select)</onclick>
                            </item>
                            <item>
                                <label>Update Metadata</label>
                                <label2>Update rating, votes, title, sort title, and genres of existing titles</label2>
                                <onclick>RunPlugin(plugin://plugin.video.armaniflix/?mode=armani_admin&amp;action=imdb_lists_update)</onclick>
                            </item>
                            <item>
                                <label>Update Episodes</label>
                                <label2>Update episode metadata for all returning TV shows</label2>
                                <onclick>RunPlugin(plugin://plugin.video.armaniflix/?mode=armani_admin&amp;action=update_tv)</onclick>
                            </item>
                            <item>
                                <label>Delete Entries</label>
                                <label2>Remove existing titles from the media database</label2>
                                <onclick>RunPlugin(plugin://plugin.video.armaniflix/?mode=armani_admin&amp;action=imdb_lists_delete)</onclick>
                            </item>
                            <item>
                                <label>Download lists</label>
                                <label2>Download all ArmaniFlix lists</label2>
                                <onclick>RunPlugin(plugin://plugin.video.armaniflix/?mode=armani_admin&amp;action=imdb_lists_refresh)</onclick>
                            </item>
                            <item>
                                <label>$LOCALIZE[32147]</label>
                                <label2>$LOCALIZE[32148]</label2>
                                <onclick>RunPlugin(plugin://plugin.video.armaniflix/?mode=armani_admin&amp;action=media_clear)</onclick>
                            </item>
                        </content>
                    </control>
                    <control type="list" id="2002">
                        <include content="AdminListCommon">
                            <param name="list_id" value="2002" />
                            <param name="menu_id" value="user_db" />
                        </include>
                        <content>
                            <item>
                                <label>$LOCALIZE[32176]</label>
                                <label2>$LOCALIZE[32177]</label2>
                                <onclick>RunPlugin(plugin://plugin.video.armaniflix/?mode=armani_admin&amp;action=user_create)</onclick>
                            </item>
                            <item>
                                <label>$LOCALIZE[32178]</label>
                                <label2>$LOCALIZE[32179]</label2>
                                <onclick>RunPlugin(plugin://plugin.video.armaniflix/?mode=armani_admin&amp;action=user_edit)</onclick>
                            </item>
                            <item>
                                <label>$LOCALIZE[32180]</label>
                                <label2>$LOCALIZE[32181]</label2>
                                <onclick>RunPlugin(plugin://plugin.video.armaniflix/?mode=armani_admin&amp;action=user_delete)</onclick>
                            </item>
                            <item>
                                <label>$LOCALIZE[32182]</label>
                                <label2>$LOCALIZE[32183]</label2>
                                <onclick>RunPlugin(plugin://plugin.video.armaniflix/?mode=armani_admin&amp;action=user_reset)</onclick>
                            </item>
                        </content>
                    </control>
                    <control type="list" id="2003">
                        <include content="AdminListCommon">
                            <param name="list_id" value="2003" />
                            <param name="menu_id" value="settings" />
                        </include>
                        <content>
                            <item>
                                <label>$LOCALIZE[32184]</label>
                                <label2>$LOCALIZE[32185]</label2>
                                <onclick>ActivateWindow(settings)</onclick>
                            </item>
                            <item>
                                <label>$LOCALIZE[32186]</label>
                                <label2>$LOCALIZE[32187]</label2>
                                <onclick>Addon.OpenSettings(plugin.video.armaniflix)</onclick>
                            </item>
                            <item>
                                <label>$LOCALIZE[32188]</label>
                                <label2>$LOCALIZE[32189]</label2>
                                <onclick>Addon.OpenSettings(script.module.cocoscrapers)</onclick>
                            </item>
                            <item>
                                <label>$LOCALIZE[32190]</label>
                                <label2>$LOCALIZE[32191]</label2>
                                <onclick>Addon.OpenSettings(service.subtitles.a4ksubtitles)</onclick>
                            </item>
                        </content>
                    </control>
                    <control type="list" id="2004">
                        <include content="AdminListCommon">
                            <param name="list_id" value="2004" />
                            <param name="menu_id" value="tools" />
                        </include>
                        <content>
                            <item>
                                <label>$LOCALIZE[32149]</label>
                                <label2>$LOCALIZE[32150]</label2>
                                <onclick>RunPlugin(plugin://plugin.video.armaniflix/?mode=armani_admin&amp;action=view_log)</onclick>
                            </item>
                            <item>
                                <label>Added Today</label>
                                <label2>View movies and TV shows added today</label2>
                                <onclick>ActivateWindow(Videos,plugin://plugin.video.armaniflix/?mode=build_armani_all&amp;added=today,return)</onclick>
                            </item>
                            <item>
                                <label>$LOCALIZE[32151]</label>
                                <label2>$LOCALIZE[32152]</label2>
                                <onclick>PlayMedia(plugin://plugin.video.armaniflix/?mode=real_debrid.rd_account_info)</onclick>
                            </item>
                            <item>
                                <label>$LOCALIZE[32192]</label>
                                <label2>$LOCALIZE[32193]</label2>
                                <onclick>RunPlugin(plugin://plugin.video.armaniflix/?mode=armani_admin&amp;action=keymaps)</onclick>
                            </item>
                            <item>
                                <label>$LOCALIZE[32194]</label>
                                <label2>$LOCALIZE[32195]</label2>
                                <onclick>PlayMedia(plugin://plugin.video.armaniflix/?mode=armani_admin&amp;action=clear_cache)</onclick>
                            </item>
                            <item>
                                <label>$LOCALIZE[32196]</label>
                                <label2>$LOCALIZE[32197]</label2>
                                <onclick>RunPlugin(plugin://plugin.video.armaniflix/?mode=armani_admin&amp;action=sources)</onclick>
                            </item>
                            <item>
                                <label>$LOCALIZE[32198]</label>
                                <label2>$LOCALIZE[32199]</label2>
                                <onclick>RunPlugin(plugin://plugin.video.armaniflix/?mode=armani_admin&amp;action=download_config)</onclick>
                            </item>
                        </content>
                    </control>
                </control>
            </control>
        </control>
    </controls>


</window>