<?xml version="1.0" encoding="UTF-8"?>
<window>
	<defaultcontrol always="true">3</defaultcontrol>
	<include>Animation_DialogPopupOpenClose</include>
	<depth>DepthOSD</depth>
	<controls>
		<include condition="String.IsEqual(Window(home).Property(select_type),playlist_content)">PlaylistContentLayout</include>
		<include condition="String.IsEqual(Window(home).Property(select_type),detail_menu)">DetailMenuLayout</include>

		<include condition="String.IsEqual(Window(home).Property(select_type),meta_edit)" content="DetailMenuLayout">
			<param name="height" value="490" />
			<param name="label1_width" value="20%" />
			<param name="label2_width" value="75%" />
		</include>
		<include condition="String.IsEqual(Window(home).Property(select_type),menu)" content="DetailMenuLayout">
			<param name="width" value="600" />
			<param name="height" value="490" />
		</include>
		<include condition="String.IsEqual(Window(home).Property(select_type),media_titles)" content="DetailMenuLayout">
			<param name="width" value="1600" />
			<param name="height" value="1050" />
			<param name="label1_width" value="80%" />
			<param name="label2_width" value="15%" />
			<param name="label2_align" value="left" />
		</include>
		<include condition="String.IsEmpty(Window(home).Property(select_type)) + ![Window.IsActive(home) | Window.IsActive(gamesaves) | Window.IsActive(gamestretchmode) | Window.IsActive(gamevideofilter) | Window.IsActive(gamevideorotation) | Window.IsActive(ingamesaves)]">DefaultDialogSelectLayout</include>
		<include condition="Window.IsActive(gamesaves)">GameDialogSelectSaveLayout</include>
		<include condition="Window.IsActive(gamevideofilter)">GameDialogSelectFilterLayout</include>
		<include condition="Window.IsActive(gamestretchmode)">GameDialogSelectViewLayout</include>
		<include condition="Window.IsActive(gamevideorotation)">GameDialogSelectViewLayout</include>
		<include condition="Window.IsActive(ingamesaves)">GameDialogSelectSaveInGameLayout</include>
	</controls>
</window>
