<?xml version="1.0" encoding="UTF-8"?>
<window>
	<onload condition="Player.HasMedia">Stop</onload>
	<defaultcontrol always="false">50</defaultcontrol>
	<backgroundcolor>background</backgroundcolor>
	<views>50</views>
	<menucontrol>9000</menucontrol>
	<controls>
		<include>DefaultBackground</include>
		<control type="group">
			<animation effect="fade" start="100" end="0" time="200" tween="sine" condition="$EXP[infodialog_active]">Conditional</animation>
			<include>View_50_List</include>
			<include content="BottomBar">
				<param name="info_visible" value="true" />
			</include>
			<control type="group">
				<depth>DepthContentPanel</depth>
				<include>OpenClose_Left</include>
				<visible>Control.IsVisible(50)</visible>
				<include>Visible_Left</include>
				<!-- Header -->
				<include content="ContentPanel">
					<param name="top" value="-20" />
					<param name="height" value="140" />
					<param name="width" value="120%" />
				</include>
				<!-- Footer -->
				<include content="ContentPanel">
					<param name="top" value="980" />
					<param name="height" value="140" />
					<param name="width" value="120%" />
				</include>
				<!-- Details -->
				<include content="ContentPanel">
					<param name="top" value="80" />
					<param name="height" value="940" />
					<param name="width" value="756" />
				</include>
				<control type="grouplist">
					<top>110</top>
					<width>640</width>
					<left>30</left>
					<itemgap>8</itemgap>
					<orientation>vertical</orientation>
					<control type="image">
						<description>separator image</description>
						<height>3</height>
						<texture colordiffuse="AAAAAAAA" border="3">dialogs/separator-grey.png</texture>
					</control>
					<control type="textbox">
						<height max="160">auto</height>
						<label>$VAR[Var_VideoTitle]</label>
						<font>font_details_title</font>
						<textcolor>lightblue</textcolor>
						<autoscroll delay="10000" time="3000" repeat="10000">False</autoscroll>
					</control>
					<control type="label">
						<height>40</height>
						<font>font_details</font>
						<aligny>top</aligny>
						<label>$VAR[Var_VideoDetails2]</label>
						<visible>String.IsEqual(ListItem.DbType,movie) | String.IsEqual(ListItem.DbType,tvshow) | String.IsEqual(ListItem.DbType,episode)</visible>
					</control>
					<control type="label">
						<font>font_details</font>
						<height>40</height>
						<label>$VAR[Var_VideoDetails]</label>
						<shadowcolor>text_shadow</shadowcolor>
						<visible>String.IsEqual(ListItem.DbType,movie) | String.IsEqual(ListItem.DbType,tvshow) | String.IsEqual(ListItem.DbType,season) | String.IsEqual(ListItem.DbType,episode)</visible>
					</control>
					<control type="label">
						<height>40</height>
						<font>font_details</font>
						<aligny>top</aligny>
						<label>$INFO[ListItem.RatingAndVotes]</label>
						<visible>[String.IsEqual(ListItem.DbType,movie) | String.IsEqual(ListItem.DbType,tvshow)] + !String.IsEmpty(ListItem.RatingAndVotes)</visible>
					</control>
					<control type="label">
						<height>30</height>
						<visible>String.IsEqual(ListItem.DbType,movie) | String.IsEqual(ListItem.DbType,tvshow) | String.IsEqual(ListItem.DbType,season) | String.IsEqual(ListItem.DbType,episode)</visible>
					</control>
					<control type="textbox">
						<height max="1080">auto</height>
						<label>$VAR[Var_VideoNavPlot]</label>
						<autoscroll delay="10000" time="3000" repeat="10000">False</autoscroll>
					</control>
				</control>
			</control>
			<include content="TopBar">
				<param name="breadcrumbs_label" value="$VAR[BreadcrumbsVideoVar]" />
				<param name="sublabel">$INFO[Container.CurrentItem,, / ]$INFO[Container.NumItems]</param>
			</include>
			<control type="group" id="666">
				<left>685</left>
				<top>40</top>
				<width>300</width>
				<height>60</height>
				<control type="button">
                    <description>Playlist</description>
					<visible>String.Contains(Container.FolderPath,action=playlist)</visible>
                    <ondown>50</ondown>
                    <label>$LOCALIZE[31998]</label>
                    <font>font_list</font>
                    <textcolor>silver</textcolor>
                    <focusedcolor>selected</focusedcolor>
                    <texturefocus colordiffuse="FFCCCCCC">common/white.png</texturefocus>
                    <texturenofocus colordiffuse="FF4a4347">common/white.png</texturenofocus>
                    <align>center</align>
					<onclick>RunPlugin(plugin://plugin.video.armaniflix/?mode=armani_users&amp;action=new_playlist)</onclick>
                </control>
			</control>
			<control type="group">
				<depth>DepthBars</depth>
				<bottom>0</bottom>
				<height>70</height>
				<animation effect="fade" start="0" end="100" time="300" delay="300">WindowOpen</animation>
				<animation effect="fade" start="100" end="0" time="200">WindowClose</animation>
				<control type="label">
					<right>20</right>
					<width>1200</width>
					<height>60</height>
					<align>right</align>
					<aligny>center</aligny>
					<font>font37</font>
					<label>$VAR[Var_VideoNavFooterRight]</label>
				</control>
			</control>
			<include>CommonScrollbars</include>
			<include>MediaMenuMouseOverlay</include>
			<control type="group">
				<include>MediaMenuCommon</include>
				<control type="grouplist" id="9000">
					<top>50</top>
					<include>MediaMenuListCommon</include>
					<control type="button" id="10">
						<description>Watched Toggle</description>
						<include>MediaMenuItemsCommon</include>
						<label>$LOCALIZE[20367]</label>
						<label2>[B]$INFO[Container.NumItems][/B]</label2>
						<visible>Container.Content(movies) | Container.Content(sets) | Container.Content(tvshows) | Container.content(seasons) | Container.Content(episodes) | Container.Content(MusicVideos)</visible>
					</control>
					<!--<control type="label" id="203">
						<include>MediaMenuLabelCommon</include>
						<label>$LOCALIZE[31020]</label>
					</control>-->
					<control type="radiobutton" id="16">
						<description>PartyMode</description>
						<label>$LOCALIZE[589]</label>
						<include>MediaMenuItemsCommon</include>
						<visible>Container.Content(MusicVideos)</visible>
					</control>
					<control type="radiobutton" id="11">
						<description>Unlock Shares</description>
						<include>MediaMenuItemsCommon</include>
						<label>$LOCALIZE[20336]</label>
						<onclick>mastermode</onclick>
						<selected>system.ismaster</selected>
						<visible>system.haslocks</visible>
					</control>
					<control type="togglebutton" id="619">
						<description>Update library</description>
						<include>MediaMenuItemsCommon</include>
						<label>$LOCALIZE[653]</label>
						<onclick>UpdateLibrary(video)</onclick>
						<visible>!Container.Content(addons)+ String.IsEmpty(Container.PluginName)</visible>
						<altlabel>$LOCALIZE[13353]</altlabel>
						<usealttexture>library.isscanningvideo</usealttexture>
					</control>
					<control type="button" id="612">
						<description>Go to playlist</description>
						<include>MediaMenuItemsCommon</include>
						<label>$LOCALIZE[31056]</label>
						<onclick>ActivateWindow(videoplaylist)</onclick>
						<visible>Integer.IsGreater(Playlist.Length(video),0)</visible>
					</control>
					<control type="button" id="621">
						<description>Get more</description>
						<include>MediaMenuItemsCommon</include>
						<label>$LOCALIZE[21452]</label>
						<onclick>ActivateWindow(addonbrowser,addons://more/video/,return)</onclick>
						<visible>Container.Content(addons)</visible>
					</control>
					<control type="button" id="622">
						<include>MediaMenuItemsCommon</include>
						<label>$LOCALIZE[31117]</label>
						<onclick condition="System.AddonIsEnabled(plugin.library.node.editor)">ActivateWindow(programs,plugin://plugin.library.node.editor/?ltype=video,return)</onclick>
						<onclick condition="System.HasAddon(plugin.library.node.editor) + !System.AddonIsEnabled(plugin.library.node.editor)">EnableAddon(plugin.library.node.editor)</onclick>
						<onclick condition="!System.HasAddon(plugin.library.node.editor)">InstallAddon(plugin.library.node.editor)</onclick>
						<visible>Container.Content() + String.IsEmpty(Container.PluginName)</visible>
					</control>
					<control type="button" id="623">
						<include>MediaMenuItemsCommon</include>
						<label>$LOCALIZE[31009]</label>
						<onclick>InstallAddon(resource.images.studios.white)</onclick>
						<visible>Container.Content(studios) + !System.AddonIsEnabled(resource.images.studios.white)</visible>
					</control>
					<!--<control type="button" id="624">
						<include>MediaMenuItemsCommon</include>
						<label>$LOCALIZE[10140]</label>
						<onclick>Addon.OpenSettings($INFO[Container.PluginName])</onclick>
						<visible>!String.IsEmpty(Container.PluginName)</visible>
					</control>-->
					<control type="label" id="204">
						<include>MediaMenuLabelCommon</include>
						<label>Watched Status</label>
						<visible>[String.IsEqual(ListItem.dbtype,movie) | String.IsEqual(ListItem.dbtype,episode) | String.IsEqual(ListItem.dbtype,season) | String.IsEqual(ListItem.dbtype,tvshow)] + String.IsEqual(ListItem.Property(fen.widget),true)</visible>
					</control>
					<control type="button" id="625">
						<include>MediaMenuItemsCommon</include>
						<label>$LOCALIZE[32350]</label>
						<onclick>RunPlugin($INFO[ListItem.Property(fen.watched_params)])</onclick>
						<visible>[String.IsEqual(ListItem.dbtype,movie) | String.IsEqual(ListItem.dbtype,episode) | String.IsEqual(ListItem.dbtype,season) | String.IsEqual(ListItem.dbtype,tvshow)] + String.IsEqual(ListItem.Property(fen.widget),true) + String.IsEqual(ListItem.Property(fen.playcount),0)</visible>
						<!--<visible>[String.IsEqual(ListItem.dbtype,movie) | String.IsEqual(ListItem.dbtype,episode)] + String.IsEqual(ListItem.Property(fen.widget),true) + String.IsEqual(ListItem.Property(fen.playcount),0)</visible>-->
					</control>
					<control type="button" id="626">
						<include>MediaMenuItemsCommon</include>
						<label>$LOCALIZE[32351]</label>
						<onclick>RunPlugin($INFO[ListItem.Property(fen.unwatched_params)])</onclick>
						<visible>String.IsEqual(ListItem.Property(fen.widget),true) + [[String.IsEqual(ListItem.Property(fen.playcount),1) + [String.IsEqual(ListItem.dbtype,movie) | String.IsEqual(ListItem.dbtype,episode)]] | [!String.IsEqual(ListItem.Property(watchedprogress),0) + [String.IsEqual(ListItem.dbtype,season) | String.IsEqual(ListItem.dbtype,tvshow)]]]</visible>
					</control>
					<control type="button" id="627">
						<include>MediaMenuItemsCommon</include>
						<label>$LOCALIZE[32352]</label>
						<onclick>RunPlugin($INFO[ListItem.Property(fen.clearprog_params)])</onclick>
						<visible>[String.IsEqual(ListItem.dbtype,movie) | String.IsEqual(ListItem.dbtype,episode)] + String.IsEqual(ListItem.Property(fen.widget),true) + String.IsEqual(ListItem.Property(fen.in_progress),true)</visible>
					</control>
					<control type="label" id="205">
						<include>MediaMenuLabelCommon</include>
						<label>Rescraping</label>
						<visible>[String.IsEqual(ListItem.dbtype,movie) | String.IsEqual(ListItem.dbtype,episode)] + String.IsEqual(ListItem.Property(fen.widget),true)</visible>
					</control>
					<control type="button" id="628">
						<include>MediaMenuItemsCommon</include>
						<label>$LOCALIZE[32353]</label>
						<onclick>RunPlugin(plugin://plugin.video.armaniflix?mode=clear_scrapers_cache)</onclick>
						<onclick>RunPlugin($INFO[ListItem.Property(fen.rescrape_params)])</onclick>
						<visible>[String.IsEqual(ListItem.dbtype,movie) | String.IsEqual(ListItem.dbtype,episode)] + String.IsEqual(ListItem.Property(fen.widget),true)</visible>
					</control>
					<control type="button" id="629">
						<include>MediaMenuItemsCommon</include>
						<label>$LOCALIZE[32354]</label>
						<onclick>RunPlugin(plugin://plugin.video.armaniflix?mode=clear_scrapers_cache)</onclick>
						<onclick>RunPlugin($INFO[ListItem.Property(fen.rescrape_no_filter_params)])</onclick>
						<visible>[String.IsEqual(ListItem.dbtype,movie) | String.IsEqual(ListItem.dbtype,episode)] + String.IsEqual(ListItem.Property(fen.widget),true)</visible>
					</control>
					<control type="label" id="206">
						<include>MediaMenuLabelCommon</include>
						<label>Settings</label>
					</control>
					<control type="button" id="631">
						<include>MediaMenuItemsCommon</include>
						<label>$LOCALIZE[32135]</label>
						<onclick>ActivateWindowAndFocus(playersettings,-96,0,-79,0)</onclick>
					</control>
					<control type="button" id="632">
						<include>MediaMenuItemsCommon</include>
						<label>$LOCALIZE[32357]</label>
						<onclick>RunPlugin($INFO[ListItem.Property(fen.options_params)])</onclick>
					</control>
					<include>MediaMenuNowPlaying</include>
				</control>
			</control>
		</control>
	</controls>
</window>
